id,chain,address,status,checkedAt,sourceUrl,note
"365-caf--41.397553-2.152220","365 Café","Carrer Balmes, 206 · Sarrià-Sant Gervasi","listed","2026-09-11","https://365obrador.com/es/encuentranos/",""
"365-caf--41.383234-2.138408","365 Café","Carrer Berlín, 51 · Les Corts","listed","2026-09-11","https://365obrador.com/es/encuentranos/",""
"365-caf--41.403099-2.203008","365 Café","Carrer Bilbao, 69 · Sant Martí","listed","2026-09-11","https://365obrador.com/es/encuentranos/",""
"365-caf--41.414172-2.211207","365 Café","Carrer de Puigcerdà, 108 · Sant Martí","unverified","2026-09-11","https://365obrador.com/es/encuentranos/","not-matched-in-official-catalog"
"365-caf--41.419265-2.204106","365 Café","Carrer de Puigcerdà, 231 · Sant Martí","listed","2026-09-11","https://365obrador.com/es/encuentranos/",""
"365-caf--41.373625-2.131543","365 Café","Rambla de Badal, 158 · Sants-Montjuïc","listed","2026-09-11","https://365obrador.com/es/encuentranos/",""
"365-caf--41.382042-2.169744","365 Café","Carrer del Carme, 38 · Ciutat Vella","listed","2026-09-11","https://365obrador.com/es/encuentranos/",""
"365-caf--41.382882-2.170987","365 Café","Carrer del Carme, 8 · Ciutat Vella","listed","2026-09-11","https://365obrador.com/es/encuentranos/",""
"365-caf--41.386495-2.173330","365 Café","Carrer Comtal, 18 · Ciutat Vella","listed","2026-09-11","https://365obrador.com/es/encuentranos/",""
"365-caf--41.396536-2.142756","365 Café","Carrer d'Amigó, 65 · Sarrià-Sant Gervasi","listed","2026-09-11","https://365obrador.com/es/encuentranos/",""
"365-caf--41.389355-2.161555","365 Café","Carrer Aragó, 228 · Eixample","listed","2026-09-11","https://365obrador.com/es/encuentranos/",""
"365-caf--41.389525-2.138010","365 Café","Carrer Entença, 313 · Les Corts","listed","2026-09-11","https://365obrador.com/es/encuentranos/",""
"365-caf--41.369755-2.107968","365 Café","Avinguda D, s/n · L'Hospitalet de Llobregat","listed","2026-09-11","https://365obrador.com/es/encuentranos/",""
"365-caf--41.405846-2.150583","365 Café","Carrer Gran de Gracia, 266 · Gràcia","listed","2026-09-11","https://365obrador.com/es/encuentranos/",""
"365-caf--41.377634-2.172674","365 Café","Carrer Nou de la Rambla, 46 · Ciutat Vella","listed","2026-09-11","https://365obrador.com/es/encuentranos/",""
"365-caf--41.376688-2.171621","365 Café","Carrer Nou de la Rambla, 68 · Ciutat Vella","listed","2026-09-11","https://365obrador.com/es/encuentranos/",""
"365-caf--41.388695-2.133237","365 Café","Carrer Numancia., 163 · Les Corts","listed","2026-09-11","https://365obrador.com/es/encuentranos/",""
"365-caf--41.383465-2.139018","365 Café","Carrer Numància, 48 · Les Corts","unverified","2026-09-11","https://365obrador.com/es/encuentranos/","not-matched-in-official-catalog"
"365-caf--41.375006-2.119803","365 Café","Carrer d'Occident, 14 · L'Hospitalet de Llobregat","listed","2026-09-11","https://365obrador.com/es/encuentranos/",""
"365-caf--41.410077-2.175600","365 Café","Carrer de Cartagena, 301 · Eixample","listed","2026-09-11","https://365obrador.com/es/encuentranos/",""
"365-caf--41.360326-2.102010","365 Café","Carrer de Casanova, 2 · L'Hospitalet de Llobregat","unverified","2026-09-11","https://365obrador.com/es/encuentranos/","not-matched-in-official-catalog"
"365-caf--41.395686-2.179353","365 Café","Carrer de Nàpols, 118 · Eixample","listed","2026-09-11","https://365obrador.com/es/encuentranos/",""
"365-caf--41.379048-2.160237","365 Café","Carrer del Comte Borrel, 91 · Eixample","listed","2026-09-11","https://365obrador.com/es/encuentranos/",""
"365-caf--41.389331-2.149358","365 Café","Carrer del Comte d'Urgell, 224 · Eixample","listed","2026-09-11","https://365obrador.com/es/encuentranos/",""
"365-caf--41.381273-2.159440","365 Café","Carrer Comte d'Urgell, 43 · Eixample","listed","2026-09-11","https://365obrador.com/es/encuentranos/",""
"365-caf--41.370001-2.138000","365 Café","Carrer de la Constitució., 13 · Sants-Montjuïc","listed","2026-09-11","https://365obrador.com/es/encuentranos/",""
"365-caf--41.393844-2.155978","365 Café","Carrer de Còrsega, 264 · Eixample","listed","2026-09-11","https://365obrador.com/es/encuentranos/",""
"365-caf--41.414537-2.211278","365 Café","Carrer de Cristóbal de Moura, 196 · Sant Martí","listed","2026-09-11","https://365obrador.com/es/encuentranos/",""
"365-caf--41.356704-2.127230","365 Café","Plaça d'Europa, 17 · L'Hospitalet de Llobregat","unverified","2026-09-11","https://365obrador.com/es/encuentranos/","not-matched-in-official-catalog"
"365-caf--41.385459-2.130443","365 Café","Plaça Comas, 11 · Les Corts","listed","2026-09-11","https://365obrador.com/es/encuentranos/",""
"365-caf--41.430353-2.180507","365 Café","Passeig de Fabra i Puig, 150 · Nou Barris","listed","2026-09-11","https://365obrador.com/es/encuentranos/",""
"365-caf--41.430014-2.187708","365 Café","Rambla de Fabra i Puig, 29 · Sant Andreu","listed","2026-09-11","https://365obrador.com/es/encuentranos/",""
"365-caf--41.386038-2.177168","365 Café","Avinguda Francesc Cambó, 15 · Ciutat Vella","listed","2026-09-11","https://365obrador.com/es/encuentranos/",""
"365-caf--41.381209-2.187185","365 Café","Passeig de Borbó, 3 · Ciutat Vella","listed","2026-09-11","https://365obrador.com/es/encuentranos/",""
"365-caf--41.405516-2.138787","365 Café","Plaça Joaquim Folguera, 3-5 · Sarrià-Sant Gervasi","listed","2026-09-11","https://365obrador.com/es/encuentranos/",""
"365-caf--41.413687-2.161728","365 Café","Avinguda de la Mare de Déu de Montserrat, 24 · Horta-Guinardó","unverified","2026-09-11","https://365obrador.com/es/encuentranos/","not-matched-in-official-catalog"
"365-caf--41.350860-2.109472","365 Café","Rambla de la Marina, 211 · L'Hospitalet de Llobregat","unverified","2026-09-11","https://365obrador.com/es/encuentranos/","not-matched-in-official-catalog"
"365-caf--41.402120-2.173940","365 Café","Plaça de la Sagarada Familia, 20 · Eixample","listed","2026-09-11","https://365obrador.com/es/encuentranos/",""
"365-caf--41.386394-2.165293","365 Café","Ronda de la Universitat, 7 · Eixample","listed","2026-09-11","https://365obrador.com/es/encuentranos/",""
"365-caf--41.360904-2.138764","365 Café","Passeig de la Zona Franca, 182 · Sants-Montjuïc","unverified","2026-09-11","https://365obrador.com/es/encuentranos/","not-matched-in-official-catalog"
"365-caf--41.363300-2.137234","365 Café","Passeig de la Zona Franca, 240 · Sants-Montjuïc","unverified","2026-09-11","https://365obrador.com/es/encuentranos/","not-matched-in-official-catalog"
"365-caf--41.375865-2.122739","365 Café","Avinguda de Madrid, 1 · Les Corts","listed","2026-09-11","https://365obrador.com/es/encuentranos/",""
"365-caf--41.377602-2.126198","365 Café","Avinguda Madrid, 60 · Sants-Montjuïc","listed","2026-09-11","https://365obrador.com/es/encuentranos/",""
"365-caf--41.450696-2.213777","365 Café","Rambla de Sant Sebastià, 49 · Santa Coloma de Gramenet","listed","2026-09-11","https://365obrador.com/es/encuentranos/",""
"365-caf--41.410830-2.138250","365 Café","Passeig de Sant Gervasi, 54 · Sarrià-Sant Gervasi","listed","2026-09-11","https://365obrador.com/es/encuentranos/",""
"365-caf--41.396676-2.172662","365 Café","Passeig de Sant Joan, 53 · Eixample","listed","2026-09-11","https://365obrador.com/es/encuentranos/",""
"365-caf--41.436461-2.191022","365 Café","Passeig de Torras i Bages, 3 · Sant Andreu","listed","2026-09-11","https://365obrador.com/es/encuentranos/",""
"365-caf--41.438836-2.168358","365 Café","Passeig Valldaura, 168 · Nou Barris","listed","2026-09-11","https://365obrador.com/es/encuentranos/",""
"365-caf--41.438573-2.175196","365 Café","Passeig Valldaura, 185 · Nou Barris","listed","2026-09-11","https://365obrador.com/es/encuentranos/",""
"365-caf--41.436582-2.173269","365 Café","Passeig del Verdum, 14 · Nou Barris","listed","2026-09-11","https://365obrador.com/es/encuentranos/",""
"365-caf--41.375214-2.163490","365 Café","Avinguda del Parallel, 105 · Eixample","listed","2026-09-11","https://365obrador.com/es/encuentranos/",""
"365-caf--41.375131-2.171217","365 Café","Avinguda del Parallel, 52 · Ciutat Vella","listed","2026-09-11","https://365obrador.com/es/encuentranos/",""
"365-caf--41.399915-2.202578","365 Café","Rambla del Poblenou, 43 · Sant Martí","listed","2026-09-11","https://365obrador.com/es/encuentranos/",""
"365-caf--41.448762-2.210530","365 Café","Carrer Sant Benet, 2 · Santa Coloma de Gramenet","listed","2026-09-11","https://365obrador.com/es/encuentranos/",""
"365-caf--41.380455-2.153617","365 Café","Carrer de Calàbria, 119 · Eixample","listed","2026-09-11","https://365obrador.com/es/encuentranos/",""
"365-caf--41.407751-2.181387","365 Café","Carrer de Mallorca, 518 · Sant Martí","listed","2026-09-11","https://365obrador.com/es/encuentranos/",""
"365-caf--41.379929-2.176762","365 Café","Carrer dels Escudellers, 28 · Ciutat Vella","listed","2026-09-11","https://365obrador.com/es/encuentranos/",""
"365-caf--41.378364-2.163233","365 Café","Ronda de Sant Pau, 79 · Ciutat Vella","listed","2026-09-11","https://365obrador.com/es/encuentranos/",""
"365-caf--41.404690-2.176623","365 Café","Carrer de Lepant, 278 · Eixample","listed","2026-09-11","https://365obrador.com/es/encuentranos/",""
"365-caf--41.382402-2.166048","365 Café","Carrer de Joaquim Costa, 34 · Ciutat Vella","listed","2026-09-11","https://365obrador.com/es/encuentranos/",""
"365-caf--41.423379-2.180580","365 Café","Carrer de Garcilaso, 193 · Sant Andreu","listed","2026-09-11","https://365obrador.com/es/encuentranos/",""
"365-caf--41.368387-2.140744","365 Café","Gran Via de les Corts Catalanes, 192 · Sants-Montjuïc","listed","2026-09-11","https://365obrador.com/es/encuentranos/",""
"365-caf--41.372603-2.146333","365 Café","Gran Via de les Corts Catalanes, 306 · Sants-Montjuïc","listed","2026-09-11","https://365obrador.com/es/encuentranos/",""
"365-caf--41.422524-2.205012","365 Café","Rambla de Guipúscoa, 141 · Sant Martí","listed","2026-09-11","https://365obrador.com/es/encuentranos/",""
"365-caf--41.417042-2.197598","365 Café","Rambla de Guipúscoa, 61 · Sant Martí","listed","2026-09-11","https://365obrador.com/es/encuentranos/",""
"365-caf--41.378431-2.133647","365 Café","Carrer del Rosés, 58 · Sants-Montjuïc","listed","2026-09-11","https://365obrador.com/es/encuentranos/",""
"365-caf--41.379961-2.168849","365 Café","Carrer de l'Hospital, 105 · Ciutat Vella","listed","2026-09-11","https://365obrador.com/es/encuentranos/",""
"365-caf--41.399921-2.152884","365 Café","Carrer de L´oreneta, 2 · Gràcia","listed","2026-09-11","https://365obrador.com/es/encuentranos/",""
"365-caf--41.411952-2.216012","365 Café","Carrer de Llull, 389 · Sant Martí","listed","2026-09-11","https://365obrador.com/es/encuentranos/",""
"365-caf--41.396158-2.165444","365 Café","Carrer Mallorca, 285 · Eixample","listed","2026-09-11","https://365obrador.com/es/encuentranos/",""
"365-caf--41.428339-2.163178","365 Café","Passeig de Maragall, 407 · Horta-Guinardó","listed","2026-09-11","https://365obrador.com/es/encuentranos/",""
"365-caf--41.348302-2.107879","365 Café","Avinguda Mare de Déu de Bellvitge, 44 · L'Hospitalet de Llobregat","unverified","2026-09-11","https://365obrador.com/es/encuentranos/","not-matched-in-official-catalog"
"365-caf--41.406453-2.172065","365 Café","Carrer de Còrsega, 551 · Eixample","listed","2026-09-11","https://365obrador.com/es/encuentranos/",""
"365-caf--41.393088-2.188677","365 Café","Carrer de la Marina, 81 · Sant Martí","listed","2026-09-11","https://365obrador.com/es/encuentranos/",""
"365-caf--41.408247-2.187218","365 Café","Avinguda Meridiana, 116 · Sant Martí","listed","2026-09-11","https://365obrador.com/es/encuentranos/","Address listed by the chain; official coordinates differ from the original map. Original coordinates retained."
"365-caf--41.423595-2.187223","365 Café","Avinguda Meridiana, 308 · Sant Andreu","listed","2026-09-11","https://365obrador.com/es/encuentranos/",""
"365-caf--41.429382-2.184133","365 Café","Avinguda Meridiana, 382 · Sant Andreu","unverified","2026-09-11","https://365obrador.com/es/encuentranos/","not-matched-in-official-catalog"
"365-caf--41.385434-2.138827","365 Café","Carrer de Nicaragua, 96 · Les Corts","listed","2026-09-11","https://365obrador.com/es/encuentranos/",""
"365-caf--41.392600-2.152006","365 Café","Carrer de Muntaner, 184 · Eixample","listed","2026-09-11","https://365obrador.com/es/encuentranos/",""
"365-caf--41.392205-2.167469","365 Café","Carrer Pau Claris, 119 · Eixample","listed","2026-09-11","https://365obrador.com/es/encuentranos/",""
"365-caf--41.394548-2.164346","365 Café","Carrer de Pau Claris, 155 · Eixample","listed","2026-09-11","https://365obrador.com/es/encuentranos/",""
"365-caf--41.389644-2.171432","365 Café","Carrer de Pau Claris, 82 · Eixample","unverified","2026-09-11","https://365obrador.com/es/encuentranos/","not-matched-in-official-catalog"
"365-caf--41.394087-2.176079","365 Café","Plaça de Tetuan, 3 · Eixample","listed","2026-09-11","https://365obrador.com/es/encuentranos/",""
"365-caf--41.382927-2.173926","365 Café","Carrer del Pi, 1 · Ciutat Vella","listed","2026-09-11","https://365obrador.com/es/encuentranos/",""
"365-caf--41.369167-2.112301","365 Café","Avinguda Ponent, 51 · L'Hospitalet de Llobregat","listed","2026-09-11","https://365obrador.com/es/encuentranos/",""
"365-caf--41.384826-2.179920","365 Café","Carrer de la Princesa, 14 · Ciutat Vella","listed","2026-09-11","https://365obrador.com/es/encuentranos/",""
"365-caf--41.389120-2.154425","365 Café","Carrer Provença, 186 · Eixample","listed","2026-09-11","https://365obrador.com/es/encuentranos/",""
"365-caf--41.405640-2.175756","365 Café","Carrer Provença, 463 · Eixample","listed","2026-09-11","https://365obrador.com/es/encuentranos/",""
"365-caf--41.406413-2.177268","365 Café","Carrer de Provença, 498 · Eixample","listed","2026-09-11","https://365obrador.com/es/encuentranos/",""
"365-caf--41.424165-2.156074","365 Café","Carrer Llobregos.139-145, s/n · Horta-Guinardó","listed","2026-09-11","https://365obrador.com/es/encuentranos/",""
"365-caf--41.383250-2.163942","365 Café","Ronda de Sant Antoni, 31 · Ciutat Vella","listed","2026-09-11","https://365obrador.com/es/encuentranos/","Address listed by the chain; official coordinates differ from the original map. Original coordinates retained."
"365-caf--41.383252-2.163900","365 Café","Ronda de Sant Antoni, 72 · Ciutat Vella","listed","2026-09-11","https://365obrador.com/es/encuentranos/",""
"365-caf--41.389350-2.174243","365 Café","Ronda de Sant Pere, 26 · Eixample","unverified","2026-09-11","https://365obrador.com/es/encuentranos/","not-matched-in-official-catalog"
"365-caf--41.391155-2.179072","365 Café","Ronda Sant Pere, 72 · Eixample","listed","2026-09-11","https://365obrador.com/es/encuentranos/",""
"365-caf--41.380325-2.164849","365 Café","Carrer de la Riera Alta., 47 · Ciutat Vella","listed","2026-09-11","https://365obrador.com/es/encuentranos/",""
"365-caf--41.409356-2.184271","365 Café","Carrer de Rogent, 31 · Sant Martí","listed","2026-09-11","https://365obrador.com/es/encuentranos/",""
"365-caf--41.397764-2.174258","365 Café","Carrer de Roger de Flor, 166 · Eixample","listed","2026-09-11","https://365obrador.com/es/encuentranos/",""
"365-caf--41.398182-2.161956","365 Café","Carrer de Roger de Llúria, 155 · Eixample","listed","2026-09-11","https://365obrador.com/es/encuentranos/",""
"365-caf--41.393425-2.157680","365 Café","Carrer Dell Rosselló, 202 · Eixample","listed","2026-09-11","https://365obrador.com/es/encuentranos/",""
"365-caf--41.411019-2.173924","365 Café","Carrer Sant Antoni Maria Claret, 157 · Horta-Guinardó","listed","2026-09-11","https://365obrador.com/es/encuentranos/",""
"365-caf--41.453177-2.206799","365 Café","Carrer de Sant Carles, 6 · Santa Coloma de Gramenet","listed","2026-09-11","https://365obrador.com/es/encuentranos/",""
"365-caf--41.378959-2.171856","365 Café","Carrer de Sant Pau, 52 · Ciutat Vella","listed","2026-09-11","https://365obrador.com/es/encuentranos/",""
"365-caf--41.375449-2.129107","365 Café","Carrer de Sants, 295 · Sants-Montjuïc","listed","2026-09-11","https://365obrador.com/es/encuentranos/",""
"365-caf--41.375221-2.136069","365 Café","Carrer de Sants, 91 · Sants-Montjuïc","listed","2026-09-11","https://365obrador.com/es/encuentranos/",""
"365-caf--41.403970-2.172906","365 Café","Carrer Sardenya, 326 · Eixample","listed","2026-09-11","https://365obrador.com/es/encuentranos/",""
"365-caf--41.410364-2.164557","365 Café","Carrer de Sardenya, 492 · Horta-Guinardó","listed","2026-09-11","https://365obrador.com/es/encuentranos/",""
"365-caf--41.412616-2.203482","365 Café","Carrer Selva de Mar, 125 · Sant Martí","listed","2026-09-11","https://365obrador.com/es/encuentranos/",""
"365-caf--41.381191-2.159411","365 Café","Carrer de Sepúlveda, 127 · Eixample","unverified","2026-09-11","https://365obrador.com/es/encuentranos/","not-matched-in-official-catalog"
"365-caf--41.429806-2.159391","365 Café","Carrer del Tajo, 72 · Horta-Guinardó","listed","2026-09-11","https://365obrador.com/es/encuentranos/",""
"365-caf--41.384600-2.169863","365 Café","Carrer dels Tallers, 7 · Ciutat Vella","listed","2026-09-11","https://365obrador.com/es/encuentranos/",""
"365-caf--41.384879-2.166940","365 Café","Carrer dels Tallers, 71 · Ciutat Vella","listed","2026-09-11","https://365obrador.com/es/encuentranos/",""
"365-caf--41.378719-2.144458","365 Café","Carrer de Tarragona, 161 · Sants-Montjuïc","listed","2026-09-11","https://365obrador.com/es/encuentranos/",""
"365-caf--41.390423-2.178461","365 Café","Carrer de Trafalgar, 66 · Ciutat Vella","listed","2026-09-11","https://365obrador.com/es/encuentranos/",""
"365-caf--41.410110-2.156155","365 Café","Travessera de Dalt, 72 · Gràcia","listed","2026-09-11","https://365obrador.com/es/encuentranos/",""
"365-caf--41.410726-2.156469","365 Café","Travessera de Dalt, 83 · Gràcia","listed","2026-09-11","https://365obrador.com/es/encuentranos/",""
"365-caf--41.396580-2.150527","365 Café","Travessera de Gràcia, 66 · Sarrià-Sant Gervasi","listed","2026-09-11","https://365obrador.com/es/encuentranos/",""
"365-caf--41.391253-2.161234","365 Café","Carrer de Valencia, 227 · Eixample","listed","2026-09-11","https://365obrador.com/es/encuentranos/",""
"365-caf--41.396697-2.168343","365 Café","Carrer Girona, 109 · Eixample","listed","2026-09-11","https://365obrador.com/es/encuentranos/",""
"365-caf--41.404305-2.178603","365 Café","Carrer de València, 481 · Eixample","listed","2026-09-11","https://365obrador.com/es/encuentranos/",""
"365-caf--41.385376-2.132901","365 Café","Carrer del Vallespir, 203 · Les Corts","unverified","2026-09-11","https://365obrador.com/es/encuentranos/","not-matched-in-official-catalog"
"365-caf--41.440166-2.175898","365 Café","Carrer Vía Julia, 37 · Nou Barris","listed","2026-09-11","https://365obrador.com/es/encuentranos/",""
"365-caf--41.384447-2.178380","365 Café","Via Laietana, 24 · Ciutat Vella","unverified","2026-09-11","https://365obrador.com/es/encuentranos/","not-matched-in-official-catalog"
"365-caf--41.386648-2.175400","365 Café","Carrer Vía Layetana, 48 · Ciutat Vella","listed","2026-09-11","https://365obrador.com/es/encuentranos/",""
"365-caf--41.374480-2.167551","365 Café","Carrer de Vila i Vilà, 97 · Sants-Montjuïc","listed","2026-09-11","https://365obrador.com/es/encuentranos/",""
"365-caf--41.386178-2.155723","365 Café","Avinguda de Roma, 133 · Eixample","listed","2026-09-11","https://365obrador.com/es/encuentranos/",""
"365-caf--41.392059-2.147868","365 Café","Carrer de Villarroel, 214 · Eixample","unverified","2026-09-11","https://365obrador.com/es/encuentranos/","not-matched-in-official-catalog"
"365-caf--41.380657-2.140345","365 Café","Carrer de Viriat, 37 · Sants-Montjuïc","unverified","2026-09-11","https://365obrador.com/es/encuentranos/","not-matched-in-official-catalog"
"buenas-migas-41.383810-2.177298","Buenas Migas","Carrer Baixada de Santa Clara, 2 · Ciutat Vella","listed","2026-09-11","https://www.buenasmigas.com/santa-clara",""
"buenas-migas-41.410117-2.137342","Buenas Migas","Carrer Balmes, 470 · Sarrià-Sant Gervasi","listed","2026-09-11","https://www.buenasmigas.com/balmes",""
"buenas-migas-41.375598-2.148523","Buenas Migas","Plaça Espanya, 6-8 · Sants-Montjuïc","listed","2026-09-11","https://www.buenasmigas.com/plaza-espanya",""
"buenas-migas-41.397571-2.158787","Buenas Migas","Passeig de Gràcia, 120 · Gràcia","listed","2026-09-11","https://www.buenasmigas.com/passeig-de-gracia",""
"buenas-migas-41.402412-2.174280","Buenas Migas","Plaça Sagrada Familia, 17 · Eixample","listed","2026-09-11","https://www.buenasmigas.com/plaza-sagrada-familia",""
"buenas-migas-41.385259-2.163294","Buenas Migas","Plaça Universitat, 1 · Eixample","listed","2026-09-11","https://www.buenasmigas.com/plaza-universitat",""
"buenas-migas-41.383817-2.169634","Buenas Migas","Plaça Bonsuccés, 6 · Ciutat Vella","listed","2026-09-11","https://www.buenasmigas.com/bonsucces",""
"buenas-migas-41.375384-2.189576","Buenas Migas","Plaça del Mar, 1 · Ciutat Vella","listed","2026-09-11","https://www.buenasmigas.com/plaza-del-mar",""
"buenas-migas-41.375181-2.161224","Buenas Migas","Avinguda del Paral·lel, 130 · Eixample","listed","2026-09-11","https://www.buenasmigas.com/parallel",""
"buenas-migas-41.389044-2.136188","Buenas Migas","Carrer Centre Comercial l'Illa Diagonal Déu i Mata, 69-95 · Les Corts","listed","2026-09-11","https://www.buenasmigas.com/lilla",""
"buenas-migas-41.404114-2.191474","Buenas Migas","Carrer Avd Diagonal, 197 · Sant Martí","listed","2026-09-11","https://www.buenasmigas.com/veintidosarroba",""
"buenas-migas-41.396118-2.156728","Buenas Migas","Carrer Avd Diagonal, 466 · Gràcia","listed","2026-09-11","https://www.buenasmigas.com/minerva",""
"buenas-migas-41.386970-2.123877","Buenas Migas","Avinguda Diagonal 635 les Corts, s/n · Les Corts","listed","2026-09-11","https://www.buenasmigas.com/diagonal",""
"buenas-migas-41.393346-2.162054","Buenas Migas","Carrer Mallorca, 246 · Eixample","listed","2026-09-11","https://www.buenasmigas.com/mallorca",""
"buenas-migas-41.389910-2.148765","Buenas Migas","Carrer París, 118 · Eixample","listed","2026-09-11","https://www.buenasmigas.com/paris",""
"buenas-migas-41.389928-2.174834","Buenas Migas","Ronda Sant Pere, 27 · Eixample","listed","2026-09-11","https://www.buenasmigas.com/ronda-sant-pere",""
"buenas-migas-41.388623-2.152088","Buenas Migas","Carrer Villarroel, 177 · Eixample","listed","2026-09-11","https://www.buenasmigas.com/villarroel",""
"el-fornet-41.390993-2.131984","El Fornet","Carrer de Numància, 180 · Les Corts","listed","2026-09-11","https://elfornet.com/es/tiendas/numancia-180",""
"el-fornet-41.419781-2.157217","El Fornet","Carrer de Calderón de la Barca, 109 · Horta-Guinardó","unverified","2026-09-11","https://elfornet.com/tiendas","not-matched-in-official-catalog"
"el-fornet-41.436523-2.205098","El Fornet","Carrer d'Alfarràs, 5 · Sant Andreu","unverified","2026-09-11","https://elfornet.com/tiendas","not-matched-in-official-catalog"
"el-fornet-41.392771-2.165969","El Fornet","Carrer Aragó, 284 · Eixample","listed","2026-09-11","https://elfornet.com/es/tiendas/arago-284",""
"el-fornet-41.395027-2.150749","El Fornet","Carrer Aribau, 224 · Sarrià-Sant Gervasi","listed","2026-09-11","https://elfornet.com/es/tiendas/aribau-224",""
"el-fornet-41.397170-2.123530","El Fornet","Carrer Major de Sarrià, 35 · Sarrià-Sant Gervasi","listed","2026-09-11","https://elfornet.com/es/tiendas/major-de-sarria-35",""
"el-fornet-41.480616-2.315991","El Fornet","Carrer Sant Miquel, 49 · El Masnou","unverified","2026-09-11","https://elfornet.com/tiendas","not-matched-in-official-catalog"
"el-fornet-41.389517-2.153838","El Fornet","Carrer de Casanova, 152 · Eixample","listed","2026-09-11","https://elfornet.com/es/tiendas/casanova-152",""
"el-fornet-41.397381-2.181020","El Fornet","Carrer de Casp, 139 · Eixample","unverified","2026-09-11","https://elfornet.com/tiendas","not-matched-in-official-catalog"
"el-fornet-41.392117-2.145191","El Fornet","Carrer Urgell, 259 · Eixample","listed","2026-09-11","https://elfornet.com/es/tiendas/urgell-259",""
"el-fornet-41.391884-2.166428","El Fornet","Carrer Consell de Cent, 355 · Eixample","listed","2026-09-11","https://elfornet.com/es/tiendas/consell-de-cent-355",""
"el-fornet-41.392526-2.161748","El Fornet","Rambla Catalunya, 82 · Eixample","listed","2026-09-11","https://elfornet.com/es/tiendas/rambla-catalunya-82",""
"el-fornet-41.359597-2.100397","El Fornet","Plaça de l'Ajuntament, 1 · L'Hospitalet de Llobregat","unverified","2026-09-11","https://elfornet.com/tiendas","not-matched-in-official-catalog"
"el-fornet-41.419082-1.999650","El Fornet","Avinguda de l'Onze de Setembre, 7 · Pallejà","unverified","2026-09-11","https://elfornet.com/tiendas","not-matched-in-official-catalog"
"el-fornet-41.401456-2.124519","El Fornet","Carrer d'Anglí, 43 · Sarrià-Sant Gervasi","listed","2026-09-11","https://elfornet.com/es/tiendas/angli-43",""
"el-fornet-41.406129-2.133541","El Fornet","Plaça Bonanova, 9 · Sarrià-Sant Gervasi","listed","2026-09-11","https://elfornet.com/es/tiendas/placa-bonanova-9",""
"el-fornet-41.386486-2.165555","El Fornet","Ronda de la Universitat, 11 · Eixample","listed","2026-09-11","https://elfornet.com/es/tiendas/ronda-universitat-11",""
"el-fornet-41.395989-2.147205","El Fornet","Carrer de Muntaner, 272 · Sarrià-Sant Gervasi","listed","2026-09-11","https://elfornet.com/es/tiendas/muntaner-272",""
"el-fornet-41.399853-2.142094","El Fornet","Carrer de Muntaner, 388 · Sarrià-Sant Gervasi","listed","2026-09-11","https://elfornet.com/es/tiendas/muntaner-388",""
"el-fornet-41.376970-2.116613","El Fornet","Avinguda de Sant Ramon Nonat, 21 · Les Corts","unverified","2026-09-11","https://elfornet.com/tiendas","not-matched-in-official-catalog"
"el-fornet-41.409951-2.136437","El Fornet","Passeig Sant Gervasi, 40 · Sarrià-Sant Gervasi","listed","2026-09-11","https://elfornet.com/es/tiendas/passeig-sant-gervasi-40",""
"el-fornet-41.402870-2.137700","El Fornet","Ronda General Mitre, 141 · Sarrià-Sant Gervasi","listed","2026-09-11","https://elfornet.com/es/tiendas/ronda-general-mitre-141",""
"el-fornet-41.406166-2.200185","El Fornet","Avinguda Diagonal, 131 · Sant Martí","listed","2026-09-11","https://elfornet.com/es/tiendas/av-diagonal-131",""
"el-fornet-41.395016-2.154483","El Fornet","Avinguda Diagonal, 411 · Eixample","listed","2026-09-11","https://elfornet.com/es/tiendas/av-diagonal-411",""
"el-fornet-41.387132-2.124381","El Fornet","Avinguda Diagonal, 633 · Les Corts","listed","2026-09-11","https://elfornet.com/es/tiendas/av-diagonal-633",""
"el-fornet-41.390792-2.134744","El Fornet","Avinguda Diagonal, 644 · Les Corts","listed","2026-09-11","https://elfornet.com/es/tiendas/av-diagonal-644",""
"el-fornet-41.388151-2.172190","El Fornet","Carrer Fontanella, 15 · Eixample","listed","2026-09-11","https://elfornet.com/es/tiendas/fontanella-15",""
"el-fornet-41.404782-2.194288","El Fornet","Carrer de la Llacuna, 140-142 · Sant Martí","listed","2026-09-11","https://elfornet.com/es/tiendas/llacuna-124",""
"el-fornet-41.395390-2.164438","El Fornet","Carrer Mallorca, 279 · Eixample","listed","2026-09-11","https://elfornet.com/es/tiendas/mallorca-279",""
"el-fornet-41.402854-2.134329","El Fornet","Carrer Mandri, 26 · Sarrià-Sant Gervasi","listed","2026-09-11","https://elfornet.com/es/tiendas/mandri-26",""
"el-fornet-41.389988-2.125615","El Fornet","Carrer Manila, 49 · Les Corts","listed","2026-09-11","https://elfornet.com/es/tiendas/manila-49",""
"el-fornet-41.424114-2.228632","El Fornet","Carrer de la Mare de Déu del Carme, 120 · Sant Adrià de Besòs","unverified","2026-09-11","https://elfornet.com/tiendas","not-matched-in-official-catalog"
"el-fornet-41.396726-2.162046","El Fornet","Carrer de Pau Claris, 190 · Eixample","listed","2026-09-11","https://elfornet.com/es/tiendas/pau-claris",""
"el-fornet-41.391016-2.156748","El Fornet","Carrer de Provença, 224 · Eixample","listed","2026-09-11","https://elfornet.com/es/tiendas/provenca-224",""
"el-fornet-41.393089-2.159505","El Fornet","Carrer Provença, 266 · Eixample","listed","2026-09-11","https://elfornet.com/es/tiendas/provenca-266",""
"el-fornet-41.383626-2.146912","El Fornet","Carrer de Provença, 68 · Eixample","unverified","2026-09-11","https://elfornet.com/tiendas","not-matched-in-official-catalog"
"el-fornet-41.406752-2.207687","El Fornet","Carrer de Pujades, 316 · Sant Martí","unverified","2026-09-11","https://elfornet.com/tiendas","not-matched-in-official-catalog"
"el-fornet-41.408091-2.209387","El Fornet","Carrer Pujades, 362 · Sant Martí","listed","2026-09-11","https://elfornet.com/es/tiendas/pujades-362",""
"el-fornet-41.402359-2.206005","El Fornet","Carrer de Ramon Turró, 242 · Sant Martí","unverified","2026-09-11","https://elfornet.com/tiendas","not-matched-in-official-catalog"
"el-fornet-41.384592-2.163674","El Fornet","Ronda de Sant Antoni, 59 · Eixample","unverified","2026-09-11","https://elfornet.com/tiendas","not-matched-in-official-catalog"
"el-fornet-41.393085-2.169118","El Fornet","Carrer Roger de Llúria, 56 · Eixample","listed","2026-09-11","https://elfornet.com/es/tiendas/roger-de-lluria-56",""
"el-fornet-41.390260-2.172837","El Fornet","Carrer Roger de Llúria, 8 · Eixample","listed","2026-09-11","https://elfornet.com/es/tiendas/roger-de-lluria-8",""
"el-fornet-41.394965-2.159722","El Fornet","Carrer Rosselló, 228 · Eixample","listed","2026-09-11","https://elfornet.com/es/tiendas/rossello-228",""
"el-fornet-41.385291-2.146884","El Fornet","Carrer del Rosselló, 40 · Eixample","unverified","2026-09-11","https://elfornet.com/tiendas","not-matched-in-official-catalog"
"el-fornet-41.523025-2.223721","El Fornet","Avinguda Sant Jeroni, 13-15 · Sant Fost de Campsentelles","unverified","2026-09-11","https://elfornet.com/tiendas","not-matched-in-official-catalog"
"el-fornet-41.393698-2.134278","El Fornet","Carrer Santa Fe de Nuevo Méjico, 1 · Sarrià-Sant Gervasi","listed","2026-09-11","https://elfornet.com/es/tiendas/santa-fe-nuevo-mejico-1",""
"el-fornet-41.471652-2.081977","El Fornet","Carrer Santa Maria, 42 · Sant Cugat del Vallès","listed","2026-09-11","https://elfornet.com/es/tiendas/santa-maria-42",""
"el-fornet-41.398513-2.152811","El Fornet","Travessera de Gràcia, 101 · Sarrià-Sant Gervasi","listed","2026-09-11","https://elfornet.com/es/tiendas/travessera-gracia-101",""
"el-fornet-41.394175-2.146654","El Fornet","Travessera de Gràcia, 20 · Sarrià-Sant Gervasi","listed","2026-09-11","https://elfornet.com/es/tiendas/travessera-gracia-20",""
"el-fornet-41.396465-2.168027","El Fornet","Carrer València, 315 · Eixample","listed","2026-09-11","https://elfornet.com/es/tiendas/valencia-315",""
"granier-41.387949-2.164271","Granier","Carrer de Balmes, 25 · Eixample","unverified","2026-09-11","https://pansgranier.com/donde-estamos/","not-matched-in-official-catalog"
"granier-41.379653-2.161591","Granier","Carrer Compte d'Urgell, 5 · Eixample","listed","2026-09-11","https://pansgranier.com/donde-estamos/",""
"granier-41.382515-2.157755","Granier","Carrer Comte d'Urgell, 65 · Eixample","listed","2026-09-11","https://pansgranier.com/donde-estamos/",""
"granier-41.427127-2.155954","Granier","Carrer Dante Alighieri, 105 · Horta-Guinardó","listed","2026-09-11","https://pansgranier.com/donde-estamos/",""
"granier-41.430580-2.218886","Granier","Avinguda Catalunya, 58 · Sant Adrià de Besòs","listed","2026-09-11","https://pansgranier.com/donde-estamos/",""
"granier-41.399917-2.152518","Granier","Plaça Gal·la Placidia, 28 · Gràcia","listed","2026-09-11","https://pansgranier.com/donde-estamos/",""
"granier-41.449868-2.209891","Granier","Avinguda de la Generalitat, 30 · Santa Coloma de Gramenet","listed","2026-09-11","https://pansgranier.com/donde-estamos/",""
"granier-41.409542-2.146847","Granier","Avinguda Republica Argentina, 58 · Gràcia","listed","2026-09-11","https://pansgranier.com/donde-estamos/",""
"granier-41.325167-2.092825","Granier","Avinguda Virgen de Montserrat, 138 · El Prat de Llobregat","listed","2026-09-11","https://pansgranier.com/donde-estamos/",""
"granier-41.361207-2.138537","Granier","Passeig de la Zona Franca, 198 · Sants-Montjuïc","unverified","2026-09-11","https://pansgranier.com/donde-estamos/","not-matched-in-official-catalog"
"granier-41.412035-2.217585","Granier","Rambla Prim, 27 · Sant Martí","listed","2026-09-11","https://pansgranier.com/donde-estamos/",""
"granier-41.365027-2.122039","Granier","Avinguda Carrilet, 112 · L'Hospitalet de Llobregat","listed","2026-09-11","https://pansgranier.com/donde-estamos/",""
"granier-41.381600-2.136012","Granier","Plaça del Centre, 6 · Sants-Montjuïc","listed","2026-09-11","https://pansgranier.com/donde-estamos/",""
"granier-41.374797-2.161187","Granier","Avinguda Paral·lel, 115 · Sants-Montjuïc","listed","2026-09-11","https://pansgranier.com/donde-estamos/",""
"granier-41.376301-2.135995","Granier","Carrer de Galileu, 2 · Sants-Montjuïc","unverified","2026-09-11","https://pansgranier.com/donde-estamos/","not-matched-in-official-catalog"
"granier-41.396933-2.177818","Granier","Gran Via de les Corts Catalanes, 689 · Eixample","listed","2026-09-11","https://pansgranier.com/donde-estamos/",""
"granier-41.416408-2.196584","Granier","Rambla Guipuzcoa, 53 · Sant Martí","listed","2026-09-11","https://pansgranier.com/donde-estamos/",""
"granier-41.418845-2.199922","Granier","Rambla Guipuzcoa, 85 · Sant Martí","listed","2026-09-11","https://pansgranier.com/donde-estamos/",""
"granier-41.405844-2.169595","Granier","Carrer Industria, 80 · Gràcia","listed","2026-09-11","https://pansgranier.com/donde-estamos/",""
"granier-41.386834-2.112590","Granier","Carrer Alfambra, 18 · Les Corts","listed","2026-09-11","https://pansgranier.com/donde-estamos/",""
"granier-41.438302-2.173235","Granier","Carrer de Lorena, 101-107 · Nou Barris","listed","2026-09-11","https://pansgranier.com/donde-estamos/",""
"granier-41.427564-2.168157","Granier","Carrer Pso Maragall, 320 · Nou Barris","listed","2026-09-11","https://pansgranier.com/donde-estamos/",""
"granier-41.428503-2.163365","Granier","Passeig Maragall, 386 · Horta-Guinardó","unverified","2026-09-11","https://pansgranier.com/donde-estamos/","not-matched-in-official-catalog"
"granier-41.415264-2.180836","Granier","Passeig Maragall, 40 · Sant Martí","listed","2026-09-11","https://pansgranier.com/donde-estamos/",""
"granier-41.373266-2.105961","Granier","Plaça Mare de Déu del Pilar, 3 · L'Hospitalet de Llobregat","listed","2026-09-11","https://pansgranier.com/donde-estamos/",""
"granier-41.394528-2.187699","Granier","Carrer Marina, 108 · Sant Martí","listed","2026-09-11","https://pansgranier.com/donde-estamos/",""
"granier-41.402664-2.177018","Granier","Carrer Marina, 244 · Eixample","listed","2026-09-11","https://pansgranier.com/donde-estamos/",""
"granier-41.422176-2.187230","Granier","Avinguda Meridiana, 292 · Sant Andreu","listed","2026-09-11","https://pansgranier.com/donde-estamos/",""
"granier-41.429528-2.184002","Granier","Carrer Av.meridiana, 384 · Sant Andreu","listed","2026-09-11","https://pansgranier.com/donde-estamos/",""
"granier-41.367636-2.102214","Granier","Carrer Moli, 14 · L'Hospitalet de Llobregat","listed","2026-09-11","https://pansgranier.com/donde-estamos/",""
"granier-41.405926-2.163279","Granier","Carrer Pi i Margall, 12 · Gràcia","listed","2026-09-11","https://pansgranier.com/donde-estamos/",""
"granier-41.399446-2.167924","Granier","Carrer Provença, 356 · Eixample","listed","2026-09-11","https://pansgranier.com/donde-estamos/",""
"granier-41.403432-2.203186","Granier","Carrer Pujades, 228 · Sant Martí","listed","2026-09-11","https://pansgranier.com/donde-estamos/",""
"granier-41.406040-2.210768","Granier","Carrer Ramon Turro, 331 · Sant Martí","listed","2026-09-11","https://pansgranier.com/donde-estamos/",""
"granier-41.384569-2.146085","Granier","Carrer del Rossello, 24-26 · Eixample","listed","2026-09-11","https://pansgranier.com/donde-estamos/",""
"granier-41.375364-2.132990","Granier","Carrer Sants, 147 · Sants-Montjuïc","listed","2026-09-11","https://pansgranier.com/donde-estamos/",""
"granier-41.375472-2.127653","Granier","Carretera de Sants, 323 · Sants-Montjuïc","listed","2026-09-11","https://pansgranier.com/donde-estamos/",""
"granier-41.384157-2.163502","Granier","Carrer Sepúlveda, 187 · Eixample","listed","2026-09-11","https://pansgranier.com/donde-estamos/",""
"granier-41.408590-2.152005","Granier","Travessera de Dalt, 21 · Gràcia","listed","2026-09-11","https://pansgranier.com/donde-estamos/",""
"granier-41.386915-2.134989","Granier","Travessera de les Corts 293 Bj, s/n · Les Corts","listed","2026-09-11","https://pansgranier.com/donde-estamos/",""
"granier-41.439984-2.176346","Granier","Via Júlia, 32 · Nou Barris","unverified","2026-09-11","https://pansgranier.com/donde-estamos/","not-matched-in-official-catalog"
"sandwichez-41.394107-2.169461","Sandwichez","Carrer Bruc, 71 · Eixample","listed","2026-09-11","https://www.sandwichez.com/locales",""
"sandwichez-41.405027-2.161141","Sandwichez","Carrer Bruniquer, 33-35 · Gràcia","listed","2026-09-11","https://www.sandwichez.com/locales",""
"sandwichez-41.389009-2.126413","Sandwichez","Carrer del Capitán Arenas, 3 · Les Corts","unverified","2026-09-11","https://www.sandwichez.com/locales","not-matched-in-official-catalog"
"sandwichez-41.396397-2.142917","Sandwichez","Carrer Amigó, 63 · Sarrià-Sant Gervasi","listed","2026-09-11","https://www.sandwichez.com/locales",""
"sandwichez-41.388468-2.159681","Sandwichez","Carrer Aragó, 205 · Eixample","listed","2026-09-11","https://www.sandwichez.com/locales",""
"sandwichez-41.381577-2.180352","Buenas Migas","Carrer d'en Gignàs, 25 · Ciutat Vella","listed","2026-09-11","https://www.buenasmigas.com/correos",""
"sandwichez-41.387812-2.134035","Sandwichez","Carrer Numància, 147 · Les Corts","listed","2026-09-11","https://www.sandwichez.com/locales",""
"sandwichez-41.390819-2.172311","Sandwichez","Carrer Casp, 31 · Eixample","listed","2026-09-11","https://www.sandwichez.com/locales",""
"sandwichez-41.390143-2.143905","Sandwichez","Carrer Av.josep Tarradellas, 116 · Eixample","listed","2026-09-11","https://www.sandwichez.com/locales",""
"sandwichez-41.399286-2.119564","Sandwichez","Passeig de la Reina Elisenda de Montcada, 16 bis · Sarrià-Sant Gervasi","listed","2026-09-11","https://www.sandwichez.com/locales",""
"sandwichez-41.408246-2.147325","Sandwichez","Carrer Av.república Argentina, 31 · Sarrià-Sant Gervasi","listed","2026-09-11","https://www.sandwichez.com/locales",""
"sandwichez-41.405577-2.177749","Sandwichez","Carrer Padilla, 236 · Eixample","listed","2026-09-11","https://www.sandwichez.com/locales",""
"sandwichez-41.393441-2.177901","Sandwichez","Carrer Pg.sant Joan, 34 · Eixample","listed","2026-09-11","https://www.sandwichez.com/locales",""
"sandwichez-41.377072-2.151258","Sandwichez","Gran Via, 403 · Eixample","listed","2026-09-11","https://www.sandwichez.com/locales",""
"sandwichez-41.389301-2.156339","Sandwichez","Carrer Mallorca, 179 · Eixample","listed","2026-09-11","https://www.sandwichez.com/locales",""
"sandwichez-41.392658-2.158936","Sandwichez","Carrer Provença, 258 · Eixample","listed","2026-09-11","https://www.sandwichez.com/locales",""
"sandwichez-41.381880-2.163269","Sandwichez","Ronda Sant Antoni, 35 · Eixample","listed","2026-09-11","https://www.sandwichez.com/locales",""
"sandwichez-41.380741-2.151530","Sandwichez","Carrer Rocafort, 112 · Eixample","listed","2026-09-11","https://www.sandwichez.com/locales",""
"sandwichez-41.389149-2.174762","Sandwichez","Carrer Trafalgar, 11 · Eixample","listed","2026-09-11","https://www.sandwichez.com/locales",""
"sandwichez-41.394127-2.146626","Sandwichez","Travessera de Gràcia, 18 · Sarrià-Sant Gervasi","listed","2026-09-11","https://www.sandwichez.com/locales",""
"sandwichez-41.387600-2.136149","Sandwichez","Travessera de les Corts, 305 · Les Corts","unverified","2026-09-11","https://www.sandwichez.com/locales","not-matched-in-official-catalog"
"sandwichez-41.400503-2.146004","Sandwichez","Via Augusta, 117 · Sarrià-Sant Gervasi","listed","2026-09-11","https://www.sandwichez.com/locales",""
"santagloria-41.374313-2.123966","Santagloria","Carrer Bassegoda, 56 · Sants-Montjuïc","listed","2026-09-11","https://www.santagloria.com/nuestros-locales/santagloria-bassegoda-barcelona",""
"santagloria-41.346892-2.077589","Santagloria","Avinguda del Baix Llobregat, s/n · Cornellà de Llobregat","listed","2026-09-11","https://www.santagloria.com/nuestros-locales/santagloria-cc-splau-cornella-de-llobregat",""
"santagloria-41.383830-2.149733","Santagloria","Carrer de Calàbria, 188 · Eixample","unverified","2026-09-11","https://www.santagloria.com/nuestros-locales","not-matched-in-official-catalog"
"santagloria-41.376001-2.111720","Santagloria","Carretera de Collblanc, 146 · L'Hospitalet de Llobregat","listed","2026-09-11","https://www.santagloria.com/nuestros-locales/santagloria-collblanc-lhospitalet-de-llobregat-barcelona",""
"santagloria-41.394871-2.168113","Santagloria","Carrer d'Aragó, 307 · Eixample","listed","2026-09-11","https://www.santagloria.com/nuestros-locales/santagloria-arago-barcelona",""
"santagloria-41.389311-2.158471","Santagloria","Carrer d'Aribau, 72 · Eixample","listed","2026-09-11","https://www.santagloria.com/nuestros-locales/santagloria-aribau-barcelona",""
"santagloria-41.397069-2.123619","Santagloria","Carrer Major de Sarrià, 27 · Sarrià-Sant Gervasi","listed","2026-09-11","https://www.santagloria.com/nuestros-locales/santagloria-sarria-barcelona","Address listed by the chain; official coordinates differ from the original map. Original coordinates retained."
"santagloria-41.407161-2.179808","Santagloria","Carrer Cartagena Nº 230 – Esquina Calle Mallorca -, s/n · Eixample","listed","2026-09-11","https://www.santagloria.com/nuestros-locales/santagloria-calle-cartagena-230-barcelona",""
"santagloria-41.377581-2.099314","Santagloria","Carrer de Sant Mateu, 9 · Esplugues de Llobregat","unverified","2026-09-11","https://www.santagloria.com/nuestros-locales","not-matched-in-official-catalog"
"santagloria-41.389836-2.148707","Santagloria","Carrer del Comte d'Urgell, 238 · Eixample","listed","2026-09-11","https://www.santagloria.com/nuestros-locales/santagloria-comte-urgell-barcelona",""
"santagloria-41.413140-2.194893","Santagloria","Carrer del Concili de Trento, 59 · Sant Martí","listed","2026-09-11","https://www.santagloria.com/nuestros-locales/santagloria-concilio-de-trento","Address listed by the chain; official coordinates differ from the original map. Original coordinates retained."
"santagloria-41.411663-2.138752","Santagloria","Carrer de Craywinckel, 24 · Sarrià-Sant Gervasi","unverified","2026-09-11","https://www.santagloria.com/nuestros-locales","not-matched-in-official-catalog"
"santagloria-41.430111-2.179711","Santagloria","Passeig de Fabra i Puig, 143 · Nou Barris","listed","2026-09-11","https://www.santagloria.com/nuestros-locales/santagloria-fabra-i-puig-143-barcelona",""
"santagloria-41.399413-2.153061","Santagloria","Plaça de Gal·la Placídia, 16 · Gràcia","unverified","2026-09-11","https://www.santagloria.com/nuestros-locales","not-matched-in-official-catalog"
"santagloria-41.383611-2.142196","Santagloria","Avinguda de Josep Tarradellas, 37 · Sants-Montjuïc","listed","2026-09-11","https://www.santagloria.com/nuestros-locales/santagloria-josep-tarradellas-barcelona",""
"santagloria-41.403331-2.127249","Santagloria","Passeig de la Bonanova, 56 · Sarrià-Sant Gervasi","listed","2026-09-11","https://www.santagloria.com/nuestros-locales/santagloria-bonanova-barcelona","Address listed by the chain; official coordinates differ from the original map. Original coordinates retained."
"santagloria-41.359398-2.130510","Santagloria","Avinguda de la Granvia de l'Hospitalet, 75 · L'Hospitalet de Llobregat","unverified","2026-09-11","https://www.santagloria.com/nuestros-locales","not-matched-in-official-catalog"
"santagloria-41.379003-2.128871","Santagloria","Avinguda de Madrid, 122 · Sants-Montjuïc","listed","2026-09-11","https://www.santagloria.com/nuestros-locales/santagloria-avenida-de-madrid-122-barcelona","Address listed by the chain; official coordinates differ from the original map. Original coordinates retained."
"santagloria-41.381793-2.135122","Santagloria","Avinguda de Madrid, 215 · Les Corts","listed","2026-09-11","https://www.santagloria.com/nuestros-locales/santagloria-avenida-de-madrid-215-barcelona",""
"santagloria-41.420232-2.180258","Santagloria","Plaça de Maragall, 8-9 · Horta-Guinardó","listed","2026-09-11","https://www.santagloria.com/nuestros-locales/santagloria-plaza-de-maragall-barcelona",""
"santagloria-41.395089-2.148671","Santagloria","Carrer de Muntaner, 254 · Sarrià-Sant Gervasi","listed","2026-09-11","https://www.santagloria.com/nuestros-locales/santagloria-muntaner-254-barcelona",""
"santagloria-41.401407-2.139630","Santagloria","Carrer de Muntaner, 449 · Sarrià-Sant Gervasi","listed","2026-09-11","https://www.santagloria.com/nuestros-locales/santagloria-muntaner-449-barcelona",""
"santagloria-41.450325-2.213124","Santagloria","Rambla de Sant Sebastià, 62 · Santa Coloma de Gramenet","listed","2026-09-11","https://www.santagloria.com/nuestros-locales/santagloria-rambla-de-san-sebastian-santa-coloma-de-gramenet-barcelona",""
"santagloria-41.450191-2.207278","Santagloria","Avinguda de Santa Coloma, 11 · Santa Coloma de Gramenet","unverified","2026-09-11","https://www.santagloria.com/nuestros-locales","not-matched-in-official-catalog"
"santagloria-41.391851-2.132508","Santagloria","Avinguda de Sarrià, 137-139 · Les Corts","listed","2026-09-11","https://www.santagloria.com/nuestros-locales/santagloria-avinguda-de-sarria-barcelona",""
"santagloria-41.433762-2.173088","Santagloria","Carrer Doctor Pi i Molist, 86-88 · Nou Barris","listed","2026-09-11","https://www.santagloria.com/nuestros-locales/santagloria-doctor-pi-i-molist-barcelona","Address listed by the chain; official coordinates differ from the original map. Original coordinates retained."
"santagloria-41.401509-2.121176","Santagloria","Via Augusta, 349-355 · Sarrià-Sant Gervasi","listed","2026-09-11","https://www.santagloria.com/nuestros-locales/santagloria-via-augusta-349-barcelona","Address listed by the chain; official coordinates differ from the original map. Original coordinates retained."
"santagloria-41.361797-2.105342","Santagloria","Carrer de Barcelona, 2 · L'Hospitalet de Llobregat","listed","2026-09-11","https://www.santagloria.com/nuestros-locales/santagloria-la-farga-hospitalet-de-llobregat",""
"santagloria-41.392173-2.139159","Santagloria","Carrer de Ganduxer, 8 · Sarrià-Sant Gervasi","listed","2026-09-11","https://www.santagloria.com/nuestros-locales/santagloria-ganduxer-barcelona","Address listed by the chain; official coordinates differ from the original map. Original coordinates retained."
"santagloria-41.393676-2.126424","Santagloria","Carrer de Benet Mateu, 44 · Sarrià-Sant Gervasi","listed","2026-09-11","https://www.santagloria.com/nuestros-locales/santagloria-benet-i-mateu-barcelona",""
"santagloria-41.382492-2.131776","Santagloria","Carrer Joan Güell, 134 · Les Corts","listed","2026-09-11","https://www.santagloria.com/nuestros-locales/santagloria-joan-guell-barcelona",""
"santagloria-41.422034-2.186475","Santagloria","Avinguda Meridiana, 267 · Sant Andreu","listed","2026-09-11","https://www.santagloria.com/nuestros-locales/santagloria-avenida-meridiana-267-barcelona",""
"santagloria-41.394033-2.142789","Santagloria","Carrer del Mestre Nicolau, 17 · Sarrià-Sant Gervasi","unverified","2026-09-11","https://www.santagloria.com/nuestros-locales","not-matched-in-official-catalog"
"santagloria-41.391058-2.169537","Santagloria","Carrer de Pau Claris, 100 · Eixample","listed","2026-09-11","https://www.santagloria.com/nuestros-locales/santagloria-pau-claris-barcelona",""
"santagloria-41.447499-2.245583","Santagloria","Plaça Plana, 8 · Badalona","listed","2026-09-11","https://www.santagloria.com/nuestros-locales/santagloria-plaza-plana-badalona",""
"santagloria-41.386787-2.151099","Santagloria","Carrer de Provença, 136 · Eixample","listed","2026-09-11","https://www.santagloria.com/nuestros-locales/santagloria-provenca-136-barcelona",""
"santagloria-41.400542-2.169385","Santagloria","Carrer de Provença, 378 · Eixample","listed","2026-09-11","https://www.santagloria.com/nuestros-locales/santagloria-provenca-378-barcelona",""
"santagloria-41.305842-2.006670","Santagloria","Carrer Rbla. de Maria Casas, 73 · Gavà","unverified","2026-09-11","https://www.santagloria.com/nuestros-locales","not-matched-in-official-catalog"
"santagloria-41.393345-2.157692","Santagloria","Carrer del Rosselló, 200 · Eixample","listed","2026-09-11","https://www.santagloria.com/nuestros-locales/santagloria-rosello-barcelona",""
"santagloria-41.386398-2.124300","Santagloria","Carrer de Sabino Arana, 48 · Les Corts","listed","2026-09-11","https://www.santagloria.com/nuestros-locales/santagloria-sabino-arana-barcelona",""
"santagloria-41.411345-2.174837","Santagloria","Carrer de Sant Antoni Maria Claret, 224 · Eixample","listed","2026-09-11","https://www.santagloria.com/nuestros-locales/santagloria-sant-antoni-maria-claret-224-barcelona",""
"santagloria-41.405456-2.166883","Santagloria","Carrer de Sant Antoni Maria Claret, 50 · Gràcia","listed","2026-09-11","https://www.santagloria.com/nuestros-locales/santagloria-sant-antoni-maria-claret-50-barcelona",""
"santagloria-41.393902-2.123341","Santagloria","Carrer de Santa Amèlia, 31 · Sarrià-Sant Gervasi","listed","2026-09-11","https://www.santagloria.com/nuestros-locales/santa-amelia-31-barcelona",""
"santagloria-41.377187-2.098447","Santagloria","Carrer de Laureà Miró, s/n · Esplugues de Llobregat","listed","2026-09-11","https://www.santagloria.com/nuestros-locales/santagloria-cc-finestrelles-esplugues-de-llobregat",""
"santagloria-41.378776-2.144313","Santagloria","Carrer de Tarragona, 161 · Sants-Montjuïc","listed","2026-09-11","https://www.santagloria.com/nuestros-locales/santagloria-calle-tarragona-barcelona",""
"santagloria-41.405864-2.138155","Santagloria","Carrer de Teodora Lamadrid, 2 · Sarrià-Sant Gervasi","listed","2026-09-11","https://www.santagloria.com/nuestros-locales/santagloria-teodora-lamadrid-barcelona","Address listed by the chain; official coordinates differ from the original map. Original coordinates retained."
"santagloria-41.397318-2.151125","Santagloria","Travessera de Gràcia, 83 · Sarrià-Sant Gervasi","listed","2026-09-11","https://www.santagloria.com/nuestros-locales/santagloria-gracia-barcelona",""
"santagloria-41.388049-2.137425","Santagloria","Travessera de les Corts, 306 · Les Corts","listed","2026-09-11","https://www.santagloria.com/nuestros-locales/santagloria-les-corts-barcelona","Address listed by the chain; official coordinates differ from the original map. Original coordinates retained."
"santagloria-41.394885-2.131345","Santagloria","Carrer de les Tres Torres, 4 · Sarrià-Sant Gervasi","listed","2026-09-11","https://www.santagloria.com/nuestros-locales/santagloria-tres-torres-barcelona",""
"santagloria-41.437333-2.161691","Santagloria","Passeig Universal, 31 · Horta-Guinardó","listed","2026-09-11","https://www.santagloria.com/nuestros-locales/santagloria-paseo-universal-barcelona",""
"santagloria-41.401380-2.148177","Santagloria","Via Augusta, 114 · Sarrià-Sant Gervasi","listed","2026-09-11","https://www.santagloria.com/nuestros-locales/santagloria-via-augusta-114-barcelona",""
"santagloria-41.397944-2.130565","Santagloria","Via Augusta, 280 · Sarrià-Sant Gervasi","listed","2026-09-11","https://www.santagloria.com/nuestros-locales/santagloria-via-augusta-280-barcelona",""
"vivari-41.389937-2.175755","Vivari","Ronda de Sant Pere, 40 · Eixample","unverified","2026-09-11","https://vivari.es/","official-site-certificate-expired; no public store directory verified"
"vivari-41.391370-2.178235","Vivari","Carrer de Bailèn, 2 · Eixample","unverified","2026-09-11","https://vivari.es/","official-site-certificate-expired; no public store directory verified"
"vivari-41.392416-2.158189","Vivari","Carrer de Balmes, 119 · Eixample","unverified","2026-09-11","https://vivari.es/","official-site-certificate-expired; no public store directory verified"
"vivari-41.398772-2.150759","Vivari","Carrer de Balmes, 221 · Sarrià-Sant Gervasi","unverified","2026-09-11","https://vivari.es/","official-site-certificate-expired; no public store directory verified"
"vivari-41.402791-2.144239","Vivari","Carrer de Balmes, 319 · Sarrià-Sant Gervasi","unverified","2026-09-11","https://vivari.es/","official-site-certificate-expired; no public store directory verified"
"vivari-41.382514-2.137729","Vivari","Carrer de Berlín, 16 · Sants-Montjuïc","unverified","2026-09-11","https://vivari.es/","official-site-certificate-expired; no public store directory verified"
"vivari-41.404697-2.201184","Vivari","Carrer de Bilbao, 84 · Sant Martí","unverified","2026-09-11","https://vivari.es/","official-site-certificate-expired; no public store directory verified"
"vivari-41.397115-2.179061","Vivari","Carrer de Sicília, 135 · Eixample","unverified","2026-09-11","https://vivari.es/","official-site-certificate-expired; no public store directory verified"
"vivari-41.398435-2.146508","Vivari","Carrer d'Aribau, 249 · Sarrià-Sant Gervasi","unverified","2026-09-11","https://vivari.es/","official-site-certificate-expired; no public store directory verified"
"vivari-41.375772-2.125123","Vivari","Carrer d'Arizala, 2 · Sants-Montjuïc","unverified","2026-09-11","https://vivari.es/","official-site-certificate-expired; no public store directory verified"
"vivari-41.394643-2.180509","Vivari","Carrer d'Ausiàs Marc, 82 · Eixample","unverified","2026-09-11","https://vivari.es/","official-site-certificate-expired; no public store directory verified"
"vivari-41.386652-2.178531","Vivari","Carrer d'en Giralt el Pellicer, 24 · Ciutat Vella","unverified","2026-09-11","https://vivari.es/","official-site-certificate-expired; no public store directory verified"
"vivari-41.362941-2.110372","Vivari","Carrer d'Enric Prat de la Riba, 125 · L'Hospitalet de Llobregat","unverified","2026-09-11","https://vivari.es/","official-site-certificate-expired; no public store directory verified"
"vivari-41.384197-2.144881","Vivari","Carrer d'Entença, 178 · Eixample","unverified","2026-09-11","https://vivari.es/","official-site-certificate-expired; no public store directory verified"
"vivari-41.417420-2.188784","Vivari","Carrer d'Espronceda, 330 · Sant Andreu","unverified","2026-09-11","https://vivari.es/","official-site-certificate-expired; no public store directory verified"
"vivari-41.415949-2.196128","Vivari","Carrer Dr. Zamenhof, 1 · Sant Martí","unverified","2026-09-11","https://vivari.es/","official-site-certificate-expired; no public store directory verified"
"vivari-41.397915-2.122873","Vivari","Carrer Major de Sarrià, 60 · Sarrià-Sant Gervasi","unverified","2026-09-11","https://vivari.es/","official-site-certificate-expired; no public store directory verified"
"vivari-41.450339-2.219387","Vivari","Carrer Mossèn Jacint Verdaguer, 150 · Santa Coloma de Gramenet","unverified","2026-09-11","https://vivari.es/","official-site-certificate-expired; no public store directory verified"
"vivari-41.366508-2.127067","Vivari","Carrer Pareto, 10 · L'Hospitalet de Llobregat","unverified","2026-09-11","https://vivari.es/","official-site-certificate-expired; no public store directory verified"
"vivari-41.408104-2.188236","Vivari","Carrer del Clot, 59 · Sant Martí","unverified","2026-09-11","https://vivari.es/","official-site-certificate-expired; no public store directory verified"
"vivari-41.423341-2.155566","Vivari","Carrer de la Conca de Tremp, 22 · Horta-Guinardó","unverified","2026-09-11","https://vivari.es/","official-site-certificate-expired; no public store directory verified"
"vivari-41.414510-2.196086","Vivari","Carrer del Concili de Trento, 89 · Sant Martí","unverified","2026-09-11","https://vivari.es/","official-site-certificate-expired; no public store directory verified"
"vivari-41.375595-2.143484","Vivari","Carrer del Consell de Cent, 11 · Sants-Montjuïc","unverified","2026-09-11","https://vivari.es/","official-site-certificate-expired; no public store directory verified"
"vivari-41.392036-2.166659","Vivari","Carrer del Consell de Cent, 357 · Eixample","unverified","2026-09-11","https://vivari.es/","official-site-certificate-expired; no public store directory verified"
"vivari-41.399482-2.162976","Vivari","Carrer de Còrsega, 381 · Gràcia","unverified","2026-09-11","https://vivari.es/","official-site-certificate-expired; no public store directory verified"
"vivari-41.356656-2.127626","Vivari","Plaça d'Europa, 21 · L'Hospitalet de Llobregat","unverified","2026-09-11","https://vivari.es/","official-site-certificate-expired; no public store directory verified"
"vivari-41.435830-2.191317","Vivari","Plaça d'Orfila, 6 · Sant Andreu","unverified","2026-09-11","https://vivari.es/","official-site-certificate-expired; no public store directory verified"
"vivari-41.427492-2.157110","Vivari","Carrer de Dante Alighieri, 82 · Horta-Guinardó","unverified","2026-09-11","https://vivari.es/","official-site-certificate-expired; no public store directory verified"
"vivari-41.535635-2.114504","Vivari","Avinguda de Barberà, 174 · Sabadell","unverified","2026-09-11","https://vivari.es/","official-site-certificate-expired; no public store directory verified"
"vivari-41.492446-2.030997","Vivari","Plaça de Catalunya, 4 · Rubí","unverified","2026-09-11","https://vivari.es/","official-site-certificate-expired; no public store directory verified"
"vivari-41.492998-2.145179","Vivari","Avinguda de Catalunya, 52 · Cerdanyola del Vallès","unverified","2026-09-11","https://vivari.es/","official-site-certificate-expired; no public store directory verified"
"vivari-41.375485-2.086268","Vivari","Avinguda de Cornellà, 38 · Esplugues de Llobregat","unverified","2026-09-11","https://vivari.es/","official-site-certificate-expired; no public store directory verified"
"vivari-41.382939-2.142074","Vivari","Avinguda de Josep Tarradellas, 27 · Sants-Montjuïc","unverified","2026-09-11","https://vivari.es/","official-site-certificate-expired; no public store directory verified"
"vivari-41.429970-2.191295","Vivari","Rambla de l'Onze de Setembre, 43 · Sant Andreu","unverified","2026-09-11","https://vivari.es/","official-site-certificate-expired; no public store directory verified"
"vivari-41.405538-2.131707","Vivari","Passeig de la Bonanova, 25 · Sarrià-Sant Gervasi","unverified","2026-09-11","https://vivari.es/","official-site-certificate-expired; no public store directory verified"
"vivari-41.406070-2.133640","Vivari","Plaça de la Bonanova, 9 · Sarrià-Sant Gervasi","unverified","2026-09-11","https://vivari.es/","official-site-certificate-expired; no public store directory verified"
"vivari-41.418875-2.172351","Vivari","Avinguda de la Mare de Déu de Montserrat, 158-162 · Horta-Guinardó","unverified","2026-09-11","https://vivari.es/","official-site-certificate-expired; no public store directory verified"
"vivari-41.414630-2.164603","Vivari","Avinguda de la Mare de Déu de Montserrat, 62 · Horta-Guinardó","unverified","2026-09-11","https://vivari.es/","official-site-certificate-expired; no public store directory verified"
"vivari-41.490631-2.145634","Vivari","Avinguda de la Primavera, 11-15 · Cerdanyola del Vallès","unverified","2026-09-11","https://vivari.es/","official-site-certificate-expired; no public store directory verified"
"vivari-41.430126-2.218391","Vivari","Plaça de la Vila, 11 · Sant Adrià de Besòs","unverified","2026-09-11","https://vivari.es/","official-site-certificate-expired; no public store directory verified"
"vivari-41.357335-2.140190","Vivari","Passeig de la Zona Franca, 109 · Sants-Montjuïc","unverified","2026-09-11","https://vivari.es/","official-site-certificate-expired; no public store directory verified"
"vivari-41.381526-2.135335","Vivari","Avinguda de Madrid, 222 · Sants-Montjuïc","unverified","2026-09-11","https://vivari.es/","official-site-certificate-expired; no public store directory verified"
"vivari-41.396299-2.146438","Vivari","Carrer de Muntaner, 281 · Sarrià-Sant Gervasi","unverified","2026-09-11","https://vivari.es/","official-site-certificate-expired; no public store directory verified"
"vivari-41.383877-2.152209","Vivari","Avinguda de Roma, 94 · Eixample","unverified","2026-09-11","https://vivari.es/","official-site-certificate-expired; no public store directory verified"
"vivari-41.410310-2.137622","Vivari","Passeig de St. Gervasi, 44 · Sarrià-Sant Gervasi","unverified","2026-09-11","https://vivari.es/","official-site-certificate-expired; no public store directory verified"
"vivari-41.401060-2.166902","Vivari","Passeig de St. Joan, 129 · Eixample","unverified","2026-09-11","https://vivari.es/","official-site-certificate-expired; no public store directory verified"
"vivari-41.438779-2.168835","Vivari","Passeig de Valldaura, 174 · Nou Barris","unverified","2026-09-11","https://vivari.es/","official-site-certificate-expired; no public store directory verified"
"vivari-41.378016-2.129293","Vivari","Rambla del Brasil, 37 · Sants-Montjuïc","unverified","2026-09-11","https://vivari.es/","official-site-certificate-expired; no public store directory verified"
"vivari-41.400079-2.135240","Vivari","Ronda del General Mitre, 92 · Sarrià-Sant Gervasi","unverified","2026-09-11","https://vivari.es/","official-site-certificate-expired; no public store directory verified"
"vivari-41.374769-2.160657","Vivari","Avinguda del Paral·lel, 119 · Sants-Montjuïc","unverified","2026-09-11","https://vivari.es/","official-site-certificate-expired; no public store directory verified"
"vivari-41.370749-2.115451","Vivari","Avinguda del Torrent Gornal, 44 · L'Hospitalet de Llobregat","unverified","2026-09-11","https://vivari.es/","official-site-certificate-expired; no public store directory verified"
"vivari-41.409633-2.215544","Vivari","Avinguda Diagonal, 3 · Sant Martí","unverified","2026-09-11","https://vivari.es/","official-site-certificate-expired; no public store directory verified"
"vivari-41.394785-2.153215","Vivari","Avinguda Diagonal, 421 · Eixample","unverified","2026-09-11","https://vivari.es/","official-site-certificate-expired; no public store directory verified"
"vivari-41.385245-2.160796","Vivari","Carrer de la Diputació, 188 · Eixample","unverified","2026-09-11","https://vivari.es/","official-site-certificate-expired; no public store directory verified"
"vivari-41.397767-2.176652","Vivari","Carrer de la Diputació, 399 · Eixample","unverified","2026-09-11","https://vivari.es/","official-site-certificate-expired; no public store directory verified"
"vivari-41.381270-2.154752","Vivari","Carrer de la Diputació, 79 · Eixample","unverified","2026-09-11","https://vivari.es/","official-site-certificate-expired; no public store directory verified"
"vivari-41.431317-2.174468","Vivari","Carrer del Doctor Pi i Molist, 22 · Nou Barris","unverified","2026-09-11","https://vivari.es/","official-site-certificate-expired; no public store directory verified"
"vivari-41.407315-2.181863","Vivari","Carrer del Dos de Maig, 236 · Sant Martí","unverified","2026-09-11","https://vivari.es/","official-site-certificate-expired; no public store directory verified"
"vivari-41.399909-2.177730","Vivari","Carrer del Consell de Cent, 480 · Eixample","unverified","2026-09-11","https://vivari.es/","official-site-certificate-expired; no public store directory verified"
"vivari-41.384772-2.172219","Vivari","Carrer de la Canuda, 25 · Ciutat Vella","unverified","2026-09-11","https://vivari.es/","official-site-certificate-expired; no public store directory verified"
"vivari-41.419141-2.180436","Vivari","Passeig de Maragall, 237 · Horta-Guinardó","unverified","2026-09-11","https://vivari.es/","official-site-certificate-expired; no public store directory verified"
"vivari-41.434908-2.172103","Vivari","Carrer del Doctor Pi i Molist, 42 · Nou Barris","unverified","2026-09-11","https://vivari.es/","official-site-certificate-expired; no public store directory verified"
"vivari-41.366177-2.134276","Vivari","Rambla de Badal, 67 · Sants-Montjuïc","unverified","2026-09-11","https://vivari.es/","official-site-certificate-expired; no public store directory verified"
"vivari-41.395225-2.173148","Vivari","Carrer de Bailèn, 125 · Eixample","unverified","2026-09-11","https://vivari.es/","official-site-certificate-expired; no public store directory verified"
"vivari-41.394983-2.168217","Vivari","Carrer d'Aragó, 268 · Eixample","unverified","2026-09-11","https://vivari.es/","official-site-certificate-expired; no public store directory verified"
"vivari-41.387647-2.151788","Vivari","Carrer de Provença, 168 · Eixample","unverified","2026-09-11","https://vivari.es/","official-site-certificate-expired; no public store directory verified"
"vivari-41.397299-2.167499","Vivari","Carrer de Mallorca, 306 · Eixample","unverified","2026-09-11","https://vivari.es/","official-site-certificate-expired; no public store directory verified"
"vivari-41.450840-2.209839","Vivari","Rambla de Sant Sebastià, 32 · Santa Coloma de Gramenet","unverified","2026-09-11","https://vivari.es/","official-site-certificate-expired; no public store directory verified"
"vivari-41.398736-2.170893","Vivari","Passeig de Sant Joan, 74 · Eixample","unverified","2026-09-11","https://vivari.es/","official-site-certificate-expired; no public store directory verified"
"vivari-41.390066-2.153325","Vivari","Carrer del Rosselló, 174 · Eixample","unverified","2026-09-11","https://vivari.es/","official-site-certificate-expired; no public store directory verified"
"vivari-41.370457-2.138685","Vivari","Carrer de Gavà, 42 · Sants-Montjuïc","unverified","2026-09-11","https://vivari.es/","official-site-certificate-expired; no public store directory verified"
"vivari-41.398689-2.166335","Vivari","Carrer de Girona, 146 · Eixample","unverified","2026-09-11","https://vivari.es/","official-site-certificate-expired; no public store directory verified"
"vivari-41.381880-2.127906","Vivari","Gran Via de Carles Iii, 41 · Les Corts","unverified","2026-09-11","https://vivari.es/","official-site-certificate-expired; no public store directory verified"
"vivari-41.366780-2.138570","Vivari","Gran Via de les Corts Catalanes, 164 · Sants-Montjuïc","unverified","2026-09-11","https://vivari.es/","official-site-certificate-expired; no public store directory verified"
"vivari-41.368630-2.141068","Vivari","Gran Via de les Corts Catalanes, 196 · Sants-Montjuïc","unverified","2026-09-11","https://vivari.es/","official-site-certificate-expired; no public store directory verified"
"vivari-41.371215-2.143464","Vivari","Gran Via de les Corts Catalanes, 269 · Sants-Montjuïc","unverified","2026-09-11","https://vivari.es/","official-site-certificate-expired; no public store directory verified"
"vivari-41.373635-2.146764","Vivari","Gran Via de les Corts Catalanes, 347 · Sants-Montjuïc","unverified","2026-09-11","https://vivari.es/","official-site-certificate-expired; no public store directory verified"
"vivari-41.375736-2.150505","Vivari","Gran Via de les Corts Catalanes, 384 · Eixample","unverified","2026-09-11","https://vivari.es/","official-site-certificate-expired; no public store directory verified"
"vivari-41.382204-2.159076","Vivari","Gran Via de les Corts Catalanes, 524 · Eixample","unverified","2026-09-11","https://vivari.es/","official-site-certificate-expired; no public store directory verified"
"vivari-41.420256-2.201936","Vivari","Carrer de Guipúscoa, 107 · Sant Martí","unverified","2026-09-11","https://vivari.es/","official-site-certificate-expired; no public store directory verified"
"vivari-41.411459-2.178748","Vivari","Carrer de la Independència, 352 · Sant Martí","unverified","2026-09-11","https://vivari.es/","official-site-certificate-expired; no public store directory verified"
"vivari-41.414916-2.181131","Vivari","Carrer de la Indústria, 279 · Sant Martí","unverified","2026-09-11","https://vivari.es/","official-site-certificate-expired; no public store directory verified"
"vivari-41.386632-2.129496","Vivari","Carrer de Joan Güell, 128 · Les Corts","unverified","2026-09-11","https://vivari.es/","official-site-certificate-expired; no public store directory verified"
"vivari-41.363151-2.100372","Vivari","Rambla Just Oliveras, 62 · L'Hospitalet de Llobregat","unverified","2026-09-11","https://vivari.es/","official-site-certificate-expired; no public store directory verified"
"vivari-41.361172-2.123159","Vivari","Carrer de l'Aprestadora, 128 · L'Hospitalet de Llobregat","unverified","2026-09-11","https://vivari.es/","official-site-certificate-expired; no public store directory verified"
"vivari-41.391133-2.158713","Vivari","Carrer de Mallorca, 215 · Eixample","unverified","2026-09-11","https://vivari.es/","official-site-certificate-expired; no public store directory verified"
"vivari-41.404220-2.176588","Vivari","Carrer de Mallorca, 436 · Eixample","unverified","2026-09-11","https://vivari.es/","official-site-certificate-expired; no public store directory verified"
"vivari-41.447683-2.249693","Vivari","Carrer de Mar, 116 · Badalona","unverified","2026-09-11","https://vivari.es/","official-site-certificate-expired; no public store directory verified"
"vivari-41.422547-2.178572","Vivari","Passeig Maragall, 167 · Horta-Guinardó","unverified","2026-09-11","https://vivari.es/","official-site-certificate-expired; no public store directory verified"
"vivari-41.425882-2.174247","Vivari","Passeig Maragall, 243 · Horta-Guinardó","unverified","2026-09-11","https://vivari.es/","official-site-certificate-expired; no public store directory verified"
"vivari-41.360615-2.140283","Vivari","Carrer de la Mare de Déu de Port, 246 · Sants-Montjuïc","unverified","2026-09-11","https://vivari.es/","official-site-certificate-expired; no public store directory verified"
"vivari-41.393663-2.188796","Vivari","Carrer de la Marina, 94 · Sant Martí","unverified","2026-09-11","https://vivari.es/","official-site-certificate-expired; no public store directory verified"
"vivari-41.393643-2.186558","Vivari","Avinguda Meridiana, 19 · Sant Martí","unverified","2026-09-11","https://vivari.es/","official-site-certificate-expired; no public store directory verified"
"vivari-41.426504-2.186058","Vivari","Avinguda Meridiana, 342 · Sant Andreu","unverified","2026-09-11","https://vivari.es/","official-site-certificate-expired; no public store directory verified"
"vivari-41.429993-2.182791","Vivari","Avinguda Meridiana, 387 · Nou Barris","unverified","2026-09-11","https://vivari.es/","official-site-certificate-expired; no public store directory verified"
"vivari-41.431614-2.183537","Vivari","Avinguda Meridiana, 408 · Sant Andreu","unverified","2026-09-11","https://vivari.es/","official-site-certificate-expired; no public store directory verified"
"vivari-41.430214-2.142384","Vivari","Carrer de Montbau, 2B · Horta-Guinardó","unverified","2026-09-11","https://vivari.es/","official-site-certificate-expired; no public store directory verified"
"vivari-41.371289-2.121578","Vivari","Carrer del Montseny, 76 · L'Hospitalet de Llobregat","unverified","2026-09-11","https://vivari.es/","official-site-certificate-expired; no public store directory verified"
"vivari-41.417389-2.184510","Vivari","Carrer de Las Navas de Tolosa, 314 · Sant Andreu","unverified","2026-09-11","https://vivari.es/","official-site-certificate-expired; no public store directory verified"
"vivari-41.386177-2.138013","Vivari","Carrer de Nicaragua, 116 · Les Corts","unverified","2026-09-11","https://vivari.es/","official-site-certificate-expired; no public store directory verified"
"vivari-41.443301-2.181258","Vivari","Carrer Nou Barris, s/n · Nou Barris","unverified","2026-09-11","https://vivari.es/","official-site-certificate-expired; no public store directory verified"
"vivari-41.391561-2.168967","Vivari","Carrer de Pau Claris, 108 · Eixample","unverified","2026-09-11","https://vivari.es/","official-site-certificate-expired; no public store directory verified"
"vivari-41.410617-2.164614","Vivari","Carrer de Pi i Margall, 100 · Horta-Guinardó","unverified","2026-09-11","https://vivari.es/","official-site-certificate-expired; no public store directory verified"
"vivari-41.442038-2.197643","Vivari","Carrer de Potosí, 2 · Sant Andreu","unverified","2026-09-11","https://vivari.es/","official-site-certificate-expired; no public store directory verified"
"vivari-41.393471-2.159826","Vivari","Carrer de Provença, 242 · Eixample","unverified","2026-09-11","https://vivari.es/","official-site-certificate-expired; no public store directory verified"
"vivari-41.376128-2.121968","Vivari","Carrer de la Riera Blanca, 19 · Les Corts","unverified","2026-09-11","https://vivari.es/","official-site-certificate-expired; no public store directory verified"
"vivari-41.368063-2.131785","Vivari","Carrer de la Riera Blanca, 191 · Sants-Montjuïc","unverified","2026-09-11","https://vivari.es/","official-site-certificate-expired; no public store directory verified"
"vivari-41.385334-2.125412","Vivari","Carrer de Sabino Arana, 20 · Les Corts","unverified","2026-09-11","https://vivari.es/","official-site-certificate-expired; no public store directory verified"
"vivari-41.408725-2.171302","Vivari","Carrer de Sant Antoni Maria Claret, 154 · Eixample","unverified","2026-09-11","https://vivari.es/","official-site-certificate-expired; no public store directory verified"
"vivari-41.564338-2.012139","Vivari","Carrer de Sant Pere, 46 · Terrassa","unverified","2026-09-11","https://vivari.es/","official-site-certificate-expired; no public store directory verified"
"vivari-41.376123-2.157868","Vivari","Carrer de Tamarit, 104 · Eixample","unverified","2026-09-11","https://vivari.es/","official-site-certificate-expired; no public store directory verified"
"vivari-41.379291-2.144756","Vivari","Carrer de Tarragona, 98 · Eixample","unverified","2026-09-11","https://vivari.es/","official-site-certificate-expired; no public store directory verified"
"vivari-41.408050-2.150759","Vivari","Travessera de Dalt, 1 · Gràcia","unverified","2026-09-11","https://vivari.es/","official-site-certificate-expired; no public store directory verified"
"vivari-41.385750-2.132950","Vivari","Travessera de les Corts, 265 · Les Corts","unverified","2026-09-11","https://vivari.es/","official-site-certificate-expired; no public store directory verified"
"vivari-41.411531-2.188067","Vivari","Carrer de València, 633 · Sant Martí","unverified","2026-09-11","https://vivari.es/","official-site-certificate-expired; no public store directory verified"
"vivari-41.469233-2.080204","Vivari","Carrer de Valldoreix, 28 · Sant Cugat del Vallès","unverified","2026-09-11","https://vivari.es/","official-site-certificate-expired; no public store directory verified"
"vivari-41.404191-2.156595","Vivari","Carrer de Verdi, 40 · Gràcia","unverified","2026-09-11","https://vivari.es/","official-site-certificate-expired; no public store directory verified"
"vivari-41.399335-2.143686","Vivari","Via Augusta, 164 · Sarrià-Sant Gervasi","unverified","2026-09-11","https://vivari.es/","official-site-certificate-expired; no public store directory verified"
"vivari-41.397482-2.132207","Vivari","Via Augusta, 261 · Sarrià-Sant Gervasi","unverified","2026-09-11","https://vivari.es/","official-site-certificate-expired; no public store directory verified"
"vivari-41.396205-2.155557","Vivari","Via Augusta, 4 · Gràcia","unverified","2026-09-11","https://vivari.es/","official-site-certificate-expired; no public store directory verified"
"vivari-41.444325-2.179131","Vivari","Via Júlia, 146 · Nou Barris","unverified","2026-09-11","https://vivari.es/","official-site-certificate-expired; no public store directory verified"
"vivari-41.387644-2.173659","Vivari","Via Laietana, 59 · Ciutat Vella","unverified","2026-09-11","https://vivari.es/","official-site-certificate-expired; no public store directory verified"
"vivari-41.386280-2.148305","Vivari","Carrer de Viladomat, 236 · Eixample","unverified","2026-09-11","https://vivari.es/","official-site-certificate-expired; no public store directory verified"
"365-caf--41.580192-2.012854","365 Café","Avinguda de Béjar, 89 · Terrassa","listed","2026-09-11","https://365obrador.com/es/encuentranos/",""
"365-caf--41.473581-2.088858","365 Café","Avinguda Cerdanyola, 18 · Sant Cugat del Vallès","listed","2026-09-11","https://365obrador.com/es/encuentranos/",""
"365-caf--41.448957-1.968366","365 Café","Avinguda de la Constitució, 10-12 · Sant Andreu de la Barca","listed","2026-09-11","https://365obrador.com/es/encuentranos/",""
"365-caf--41.433328-2.216388","365 Café","Avinguda de Alfonso Xiii, 2 · Badalona","listed","2026-09-11","https://365obrador.com/es/encuentranos/",""
"365-caf--41.451188-2.206576","365 Café","Avinguda de Francesc Macià, 4 · Santa Coloma de Gramenet","listed","2026-09-11","https://365obrador.com/es/encuentranos/",""
"365-caf--41.563800-2.021269","365 Café","Avinguda de Jacquard, 74 · Terrassa","listed","2026-09-11","https://365obrador.com/es/encuentranos/",""
"365-caf--41.417367-2.171193","365 Café","Avinguda de la Mare de Déu de Montserrat, 24 · Horta-Guinardó","listed","2026-09-11","https://365obrador.com/es/encuentranos/",""
"365-caf--41.440303-2.222478","365 Café","Avinguda del Marquès de Sant Morí, 114 · Santa Coloma de Gramenet","listed","2026-09-11","https://365obrador.com/es/encuentranos/",""
"365-caf--41.375255-2.163559","365 Café","Avinguda del Parallel, 116 · Sants-Montjuïc","listed","2026-09-11","https://365obrador.com/es/encuentranos/",""
"365-caf--41.415360-2.187208","365 Café","Avinguda Meridiana, 214 · Sant Andreu","listed","2026-09-11","https://365obrador.com/es/encuentranos/",""
"365-caf--41.491945-2.146609","365 Café","Avinguda Primavera, 9 · Cerdanyola del Vallès","listed","2026-09-11","https://365obrador.com/es/encuentranos/",""
"365-caf--41.363275-2.084829","365 Café","Avinguda República Argentina, 60 · Cornellà de Llobregat","listed","2026-09-11","https://365obrador.com/es/encuentranos/",""
"365-caf--41.476531-1.914558","365 Café","Carrer de Jacint Verdaguer, 14 · Martorell","listed","2026-09-11","https://365obrador.com/es/encuentranos/",""
"365-caf--41.447855-2.246612","365 Café","Carrer Arbres, 1 · Badalona","listed","2026-09-11","https://365obrador.com/es/encuentranos/",""
"365-caf--41.399417-2.190167","365 Café","Carrer d'Àlaba, 124 · Sant Martí","listed","2026-09-11","https://365obrador.com/es/encuentranos/",""
"365-caf--41.384178-2.133542","365 Café","Carrer de Can Bruixa, 44 · Les Corts","listed","2026-09-11","https://365obrador.com/es/encuentranos/",""
"365-caf--41.375459-2.142847","365 Café","Carrer de la Creu Coberta, 90 · Sants-Montjuïc","listed","2026-09-11","https://365obrador.com/es/encuentranos/",""
"365-caf--41.447372-2.250248","365 Café","Carrer de Mar, 129 · Badalona","listed","2026-09-11","https://365obrador.com/es/encuentranos/",""
"365-caf--41.448340-2.216156","365 Café","Carrer de Mosén Jacint Verdaguer, 101 · Santa Coloma de Gramenet","listed","2026-09-11","https://365obrador.com/es/encuentranos/",""
"365-caf--41.470984-2.080712","365 Café","Carrer de Santa Maria, 1 · Sant Cugat del Vallès","listed","2026-09-11","https://365obrador.com/es/encuentranos/",""
"365-caf--41.468198-2.079218","365 Café","Carrer de Valldoreix, 75 · Sant Cugat del Vallès","listed","2026-09-11","https://365obrador.com/es/encuentranos/",""
"365-caf--41.390287-2.149771","365 Café","Carrer de Villarroel, 217 · Eixample","listed","2026-09-11","https://365obrador.com/es/encuentranos/",""
"365-caf--41.534963-2.115055","365 Café","Carrer dels Calders, 83 · Sabadell","listed","2026-09-11","https://365obrador.com/es/encuentranos/",""
"365-caf--41.380864-2.044168","365 Café","Carrer Laurea Miró, 192-194 · Sant Feliu de Llobregat","listed","2026-09-11","https://365obrador.com/es/encuentranos/",""
"365-caf--41.489879-2.034422","365 Café","Carrer Magí i Ramentol, 4 · Rubí","listed","2026-09-11","https://365obrador.com/es/encuentranos/",""
"365-caf--41.399019-2.122230","365 Café","Carrer Major de Sarrià, 92 · Sarrià-Sant Gervasi","listed","2026-09-11","https://365obrador.com/es/encuentranos/",""
"365-caf--41.363343-2.139339","365 Café","Carrer Mare de Deu del Port., 379 · Sants-Montjuïc","listed","2026-09-11","https://365obrador.com/es/encuentranos/",""
"365-caf--41.442859-2.224210","365 Café","Carrer Pau Pifirrer, 1 · Badalona","listed","2026-09-11","https://365obrador.com/es/encuentranos/",""
"365-caf--41.491401-2.031385","365 Café","Passeig de Francesc Macià, 55 · Rubí","listed","2026-09-11","https://365obrador.com/es/encuentranos/",""
"365-caf--41.547241-2.108462","365 Café","Passeig de la Plaça Major, 16 · Sabadell","listed","2026-09-11","https://365obrador.com/es/encuentranos/",""
"365-caf--41.424891-2.176891","365 Café","Passeig de Maragall, 168 · Horta-Guinardó","listed","2026-09-11","https://365obrador.com/es/encuentranos/",""
"365-caf--41.563495-2.015573","365 Café","Passeig del Comte Ègara, 15 · Terrassa","listed","2026-09-11","https://365obrador.com/es/encuentranos/",""
"365-caf--41.435511-2.190027","365 Café","Plaça Ajuntament, 23 · Sant Andreu","listed","2026-09-11","https://365obrador.com/es/encuentranos/",""
"365-caf--41.406824-2.134113","365 Café","Plaça Bonanova, 3 · Sarrià-Sant Gervasi","listed","2026-09-11","https://365obrador.com/es/encuentranos/",""
"365-caf--41.550469-2.098825","365 Café","Plaça de Catalunya, 6 · Sabadell","listed","2026-09-11","https://365obrador.com/es/encuentranos/",""
"365-caf--41.371136-2.121762","365 Café","Plaça Espanyola, 24 · L'Hospitalet de Llobregat","listed","2026-09-11","https://365obrador.com/es/encuentranos/",""
"365-caf--41.562240-2.010973","365 Café","Plaça Vella, 7 · Terrassa","listed","2026-09-11","https://365obrador.com/es/encuentranos/",""
"365-caf--41.561120-2.007829","365 Café","Rambla d'Egara, 136 · Terrassa","listed","2026-09-11","https://365obrador.com/es/encuentranos/",""
"365-caf--41.563610-2.007733","365 Café","Rambla d'Egara, 233 · Terrassa","listed","2026-09-11","https://365obrador.com/es/encuentranos/",""
"365-caf--41.537694-2.213976","365 Café","Rambla de Balmes, 5 · Mollet del Vallès","listed","2026-09-11","https://365obrador.com/es/encuentranos/",""
"365-caf--41.414584-2.215512","365 Café","Rambla Prim, 44-52 · Sant Martí","listed","2026-09-11","https://365obrador.com/es/encuentranos/",""
"365-caf--41.539830-2.112435","365 Café","Rambla, 245 · Sabadell","listed","2026-09-11","https://365obrador.com/es/encuentranos/",""
"365-caf--41.411696-2.165842","365 Café","Ronda Guinardó, 36 · Horta-Guinardó","listed","2026-09-11","https://365obrador.com/es/encuentranos/",""
"365-caf--41.385160-2.132730","365 Café","Travessera de les Corts, 238 · Les Corts","listed","2026-09-11","https://365obrador.com/es/encuentranos/",""
"365-caf--41.374288-2.100782","365 Café","Carrer Verge de la Merce, 79 · Esplugues de Llobregat","listed","2026-09-11","https://365obrador.com/es/encuentranos/",""
"365-caf--41.400977-2.146250","365 Café","Carrer Vía Augusta, 124 · Sarrià-Sant Gervasi","listed","2026-09-11","https://365obrador.com/es/encuentranos/",""
"el-fornet-41.389793-2.147619","El Fornet","Avinguda de Sarrià, 1-3 · Eixample","listed","2026-09-11","https://elfornet.com/es/tiendas/av-sarria-1",""
"el-fornet-41.469926-2.082761","El Fornet","Carrer de Francesc Moragas, 21 · Sant Cugat del Vallès","listed","2026-09-11","https://elfornet.com/es/tiendas/francesc-moragas-21",""
"el-fornet-41.401449-2.197578","El Fornet","Carrer de Pallars, 193 · Sant Martí","listed","2026-09-11","https://elfornet.com/es/tiendas/pallars-193",""
"el-fornet-41.607656-2.288507","El Fornet","Carrer Santa Esperança, 11 · Granollers","listed","2026-09-11","https://elfornet.com/es/tiendas/santa-esperanza-11",""
"el-fornet-41.544111-2.110076","El Fornet","Rambla, 80 · Sabadell","listed","2026-09-11","https://elfornet.com/es/tiendas/rambla-80",""
"granier-41.492589-2.147623","Granier","Avinguda de Catalunya, 21 · Cerdanyola del Vallès","listed","2026-09-11","https://pansgranier.com/donde-estamos/",""
"granier-41.450181-2.229501","Granier","Avinguda de Catalunya, 39 · Santa Coloma de Gramenet","listed","2026-09-11","https://pansgranier.com/donde-estamos/",""
"granier-41.449267-1.968519","Granier","Avinguda de la Constitució, 18 · Castellbisbal","listed","2026-09-11","https://pansgranier.com/donde-estamos/",""
"granier-41.529510-2.117861","Granier","Avinguda de Barberà, 428 · Sabadell","listed","2026-09-11","https://pansgranier.com/donde-estamos/",""
"granier-41.383918-2.078187","Granier","Carrer de Bonavista, 76 · Sant Just Desvern","listed","2026-09-11","https://pansgranier.com/donde-estamos/",""
"granier-41.375321-2.092635","Granier","Carrer de la Pau, 3 · Esplugues de Llobregat","listed","2026-09-11","https://pansgranier.com/donde-estamos/",""
"granier-41.381405-2.044246","Granier","Carrer de Laureà Miró, 216 · Sant Feliu de Llobregat","listed","2026-09-11","https://pansgranier.com/donde-estamos/",""
"granier-41.371374-2.099659","Granier","Carrer del Molí, 64 · Esplugues de Llobregat","listed","2026-09-11","https://pansgranier.com/donde-estamos/",""
"granier-41.360553-2.075632","Granier","Carrer de Mossèn Jaume Soler i Puigvert, 2 · Cornellà de Llobregat","listed","2026-09-11","https://pansgranier.com/donde-estamos/",""
"granier-41.411014-2.018080","Granier","Carrer de Rafael Casanova, 5 · Molins de Rei","listed","2026-09-11","https://pansgranier.com/donde-estamos/",""
"granier-41.491085-2.139892","Granier","Carrer Sant Marti, 79 · Sant Martí","listed","2026-09-11","https://pansgranier.com/donde-estamos/",""
"granier-41.366237-2.056144","Granier","Carrer del Bon Viatge, 16 · Sant Joan Despí","listed","2026-09-11","https://pansgranier.com/donde-estamos/",""
"granier-41.356761-2.031178","Granier","Camí Vell de la Colònia, 9 · Santa Coloma de Cervelló","listed","2026-09-11","https://pansgranier.com/donde-estamos/",""
"granier-41.343499-2.039906","Granier","Carrer de Lluís Pascual i Roca, 9 · Sant Boi de Llobregat","listed","2026-09-11","https://pansgranier.com/donde-estamos/",""
"granier-41.469594-2.080785","Granier","Carrer de Valldoreix, 43 · Sant Cugat del Vallès","listed","2026-09-11","https://pansgranier.com/donde-estamos/",""
"granier-41.372783-2.145793","Granier","Gran Via de les Corts Catalanes, 307 · Sants-Montjuïc","listed","2026-09-11","https://pansgranier.com/donde-estamos/",""
"granier-41.514608-2.125926","Granier","Passeig del Doctor Moragas, 198 · Barberà del Vallès","listed","2026-09-11","https://pansgranier.com/donde-estamos/",""
"granier-41.330566-2.093246","Granier","Plaça de la Vila, 4 · El Prat de Llobregat","listed","2026-09-11","https://pansgranier.com/donde-estamos/",""
"granier-41.438705-2.243938","Granier","Plaça del Patí de Vela, 1 · Badalona","listed","2026-09-11","https://pansgranier.com/donde-estamos/",""
"granier-41.303541-2.010601","Granier","Rambla de Josep Maria Jujol, 1 · Gavà","listed","2026-09-11","https://pansgranier.com/donde-estamos/",""
"granier-41.304455-2.003761","Granier","Carrer de Sant Pere, 41 · Gavà","listed","2026-09-11","https://pansgranier.com/donde-estamos/",""
"granier-41.400758-2.157816","Granier","Travessera de Gràcia, 141 · Gràcia","listed","2026-09-11","https://pansgranier.com/donde-estamos/",""
"sandwichez-41.546905-2.107688","Sandwichez","Carrer de Gràcia, 1 · Sabadell","listed","2026-09-11","https://www.sandwichez.com/locales",""
"sandwichez-41.375828-2.123362","Sandwichez","Carrer de Sants, 358 · Sants-Montjuïc","listed","2026-09-11","https://www.sandwichez.com/locales",""
"santagloria-41.302813-2.072109","Santagloria","Aeroport de Barcelona, T2 · El Prat de Llobregat","listed","2026-09-11","https://www.santagloria.com/nuestros-locales/santagloria-aeropuerto-barcelona-terminal-2",""
"santagloria-41.376814-2.098787","Santagloria","Carrer de Sant Mateu, 9 · Esplugues de Llobregat","listed","2026-09-11","https://www.santagloria.com/nuestros-locales/santagloria-cc-finestrelles-pl-baja-esplugues-de-llobregat",""
"santagloria-41.316258-2.020063","Santagloria","Carrer d'Àngel Guimerà, 4 · Viladecans","listed","2026-09-11","https://www.santagloria.com/nuestros-locales/santagloria-angel-guimera-viladecans",""
"santagloria-41.489008-2.297369","Santagloria","Carrer de la Riera Principal, 16 · Alella","listed","2026-09-11","https://www.santagloria.com/nuestros-locales/santagloria-riera-principal-alella",""
"santagloria-41.546439-2.109622","Santagloria","Carrer de Sant Antoni Maria Claret, 10 · Sabadell","listed","2026-09-11","https://www.santagloria.com/nuestros-locales/santagloria-sant-antoni-maria-claret-10-sabadell",""
"santagloria-41.316800-2.015737","Santagloria","Carrer del Doctor Reig, 17 · Viladecans","listed","2026-09-11","https://www.santagloria.com/nuestros-locales/santagloria-doctor-reig-viladecans",""
"santagloria-41.493619-2.030958","Santagloria","Carrer del Doctor Robert, 1 · Rubí","listed","2026-09-11","https://www.santagloria.com/nuestros-locales/santagloria-dr-robert-rubi-barcelona",""
"santagloria-41.358975-2.129699","Santagloria","Avinguda de la Granvia de l'Hospitalet, 75 · L'Hospitalet de Llobregat","listed","2026-09-11","https://www.santagloria.com/nuestros-locales/santagloria-cc-gran-via-2-barcelona",""
"santagloria-41.371185-2.144442","Santagloria","Gran Via de les Corts Catalanes, 272 · Sants-Montjuïc","listed","2026-09-11","https://www.santagloria.com/nuestros-locales/santagloria-gran-via-de-las-cortes-catalanas-272",""
"santagloria-41.561782-2.009946","Santagloria","Carrer de les Parres, 4 · Terrassa","listed","2026-09-11","https://www.santagloria.com/nuestros-locales/santagloria-les-parres-terrassa",""
"santagloria-41.399556-2.120178","Santagloria","Passeig de la Reina Elisenda de Montcada, 12 · Sarrià-Sant Gervasi","listed","2026-09-11","https://www.santagloria.com/nuestros-locales/santagloria-reina-elisenda-barcelona",""
"santagloria-41.467525-2.078570","Santagloria","Plaça de Lluís Millet, 2 · Sant Cugat del Vallès","listed","2026-09-11","https://www.santagloria.com/nuestros-locales/santagloria-placa-lluis-millet-sant-cugat-del-valles",""
"santagloria-41.306978-2.004985","Santagloria","Rambla de Maria Casas, 73 · Gavà","listed","2026-09-11","https://www.santagloria.com/nuestros-locales/santagloria-maria-casas-gava",""
